map_uid;login;ubiname;team;position;round;total_points;score;checkpoints;end_match;time;
"vevaKPYQ3Bw0cwHtq2q3zQo8Jk";"lDJF5swBQOyA-Xe7LLtZFA";"HeavTM";;"1";"1";"19";"-1";;"0";"2022-11-05 21:29:28";
"vevaKPYQ3Bw0cwHtq2q3zQo8Jk";"pGFZWSzLQmSN4RCM_OQlhQ";"Acide.";;"2";"1";"18";"-1";;"0";"2022-11-05 21:29:28";
"vevaKPYQ3Bw0cwHtq2q3zQo8Jk";"i8p8gYa5TMapnIvmvYflHA";"Walegen";;"3";"1";"17";"-1";;"0";"2022-11-05 21:29:28";
"vevaKPYQ3Bw0cwHtq2q3zQo8Jk";"lyY9GN__RQSzdvUBipKvMw";"squikeay.wp";;"4";"1";"16";"-1";;"0";"2022-11-05 21:29:28";
"vevaKPYQ3Bw0cwHtq2q3zQo8Jk";"tJhFwq1BQqOiJK-Tk35LTQ";"Acrose17";;"5";"1";"15";"-1";;"0";"2022-11-05 21:29:28";
"vevaKPYQ3Bw0cwHtq2q3zQo8Jk";"g_pHUMO0QvWc_6flTfUF8w";"Babzify";;"6";"1";"14";"-1";;"0";"2022-11-05 21:29:28";
"vevaKPYQ3Bw0cwHtq2q3zQo8Jk";"HvnBY5wLT8WpZpz5prn0Xg";"CUPaCAT_TM";;"7";"1";"13";"-1";;"0";"2022-11-05 21:29:28";
"vevaKPYQ3Bw0cwHtq2q3zQo8Jk";"cuUfpj2YRf2T-nu2gWJUdg";"Dantski";;"8";"1";"12";"-1";;"0";"2022-11-05 21:29:28";
"vevaKPYQ3Bw0cwHtq2q3zQo8Jk";"eUoobETZQnaDzkMcunurdA";"F9.Marius89";;"9";"1";"11";"-1";;"0";"2022-11-05 21:29:28";
"vevaKPYQ3Bw0cwHtq2q3zQo8Jk";"pRKvzOUWS0iUyFNKi27nQQ";"GibbonsterTM";;"10";"1";"10";"-1";;"0";"2022-11-05 21:29:28";
"vevaKPYQ3Bw0cwHtq2q3zQo8Jk";"sjtId3fEQGS73R-U0IEC9g";"Jaakaah";;"11";"1";"9";"-1";;"0";"2022-11-05 21:29:28";
"vevaKPYQ3Bw0cwHtq2q3zQo8Jk";"i6W8MyPFQp6AWLcFKoZx1w";"Monkey.TM";;"12";"1";"8";"-1";;"0";"2022-11-05 21:29:28";
"vevaKPYQ3Bw0cwHtq2q3zQo8Jk";"rijOh4tvTAW97AcPxIgfcA";"Nayko.TM";;"13";"1";"7";"-1";;"0";"2022-11-05 21:29:28";
"vevaKPYQ3Bw0cwHtq2q3zQo8Jk";"8hOxAJGpTVqRXb0cMbezbw";"Noiza.";;"14";"1";"6";"-1";;"0";"2022-11-05 21:29:28";
"vevaKPYQ3Bw0cwHtq2q3zQo8Jk";"KzrTzeAuRZyNFLNtRsLi_Q";"P3kingente";;"15";"1";"5";"-1";;"0";"2022-11-05 21:29:28";
"vevaKPYQ3Bw0cwHtq2q3zQo8Jk";"7AJp1S0ZQeupMQG4oRwnhA";"RandomTM-";;"16";"1";"4";"-1";;"0";"2022-11-05 21:29:28";
"vevaKPYQ3Bw0cwHtq2q3zQo8Jk";"2_K-XAMoRUGUMVWtUygEEA";"Seanywolf";;"17";"1";"3";"-1";;"0";"2022-11-05 21:29:28";
"vevaKPYQ3Bw0cwHtq2q3zQo8Jk";"7VeNdCHaTYWrce5EYn7Ckw";"SilentSamTM";;"18";"1";"2";"-1";;"0";"2022-11-05 21:29:28";
"vevaKPYQ3Bw0cwHtq2q3zQo8Jk";"2tuvKOe1Qpu_N4yMFBn89A";"That_Ski_Freak";;"19";"1";"1";"-1";;"0";"2022-11-05 21:29:28";
"vevaKPYQ3Bw0cwHtq2q3zQo8Jk";"-zEiJKBRQlCQhShsZcS7rA";"bozbez";;"20";"1";"0";"-1";;"0";"2022-11-05 21:29:28";
"vevaKPYQ3Bw0cwHtq2q3zQo8Jk";"bn2GhrXxSEOlFgESUCZ7tw";"Eria.TM";;"21";"1";"0";"-1";;"0";"2022-11-05 21:29:28";
"vevaKPYQ3Bw0cwHtq2q3zQo8Jk";"SXQD8ktQRCSJqbgdyzSmwA";"Lina_Kitty";;"22";"1";"0";"-1";;"0";"2022-11-05 21:29:28";
"vevaKPYQ3Bw0cwHtq2q3zQo8Jk";"W-I0PnAJS4uG49LafKKe9g";"N7xyz";;"23";"1";"0";"-1";;"0";"2022-11-05 21:29:28";
"vevaKPYQ3Bw0cwHtq2q3zQo8Jk";"_KRQeGumT9S8tjKacsvKBQ";"Speedself";;"24";"1";"0";"-1";;"0";"2022-11-05 21:29:28";
"vevaKPYQ3Bw0cwHtq2q3zQo8Jk";"lVsoxs1ZR5aAYBKMZhKLnw";"Thomas_Jean";;"25";"1";"0";"-1";;"0";"2022-11-05 21:29:28";
"vevaKPYQ3Bw0cwHtq2q3zQo8Jk";"zdXECAYCS6WwEF51TiXL5A";"xephyr.chris";;"26";"1";"0";"-1";;"0";"2022-11-05 21:29:28";
"vevaKPYQ3Bw0cwHtq2q3zQo8Jk";"lDJF5swBQOyA-Xe7LLtZFA";"HeavTM";;"1";"1";"19";"-1";;"1";"2022-11-05 21:29:29";
"vevaKPYQ3Bw0cwHtq2q3zQo8Jk";"pGFZWSzLQmSN4RCM_OQlhQ";"Acide.";;"2";"1";"18";"-1";;"1";"2022-11-05 21:29:29";
"vevaKPYQ3Bw0cwHtq2q3zQo8Jk";"i8p8gYa5TMapnIvmvYflHA";"Walegen";;"3";"1";"17";"-1";;"1";"2022-11-05 21:29:29";
"vevaKPYQ3Bw0cwHtq2q3zQo8Jk";"lyY9GN__RQSzdvUBipKvMw";"squikeay.wp";;"4";"1";"16";"-1";;"1";"2022-11-05 21:29:29";
"vevaKPYQ3Bw0cwHtq2q3zQo8Jk";"tJhFwq1BQqOiJK-Tk35LTQ";"Acrose17";;"5";"1";"15";"-1";;"1";"2022-11-05 21:29:29";
"vevaKPYQ3Bw0cwHtq2q3zQo8Jk";"g_pHUMO0QvWc_6flTfUF8w";"Babzify";;"6";"1";"14";"-1";;"1";"2022-11-05 21:29:29";
"vevaKPYQ3Bw0cwHtq2q3zQo8Jk";"HvnBY5wLT8WpZpz5prn0Xg";"CUPaCAT_TM";;"7";"1";"13";"-1";;"1";"2022-11-05 21:29:29";
"vevaKPYQ3Bw0cwHtq2q3zQo8Jk";"cuUfpj2YRf2T-nu2gWJUdg";"Dantski";;"8";"1";"12";"-1";;"1";"2022-11-05 21:29:29";
"vevaKPYQ3Bw0cwHtq2q3zQo8Jk";"eUoobETZQnaDzkMcunurdA";"F9.Marius89";;"9";"1";"11";"-1";;"1";"2022-11-05 21:29:29";
"vevaKPYQ3Bw0cwHtq2q3zQo8Jk";"pRKvzOUWS0iUyFNKi27nQQ";"GibbonsterTM";;"10";"1";"10";"-1";;"1";"2022-11-05 21:29:29";
"vevaKPYQ3Bw0cwHtq2q3zQo8Jk";"sjtId3fEQGS73R-U0IEC9g";"Jaakaah";;"11";"1";"9";"-1";;"1";"2022-11-05 21:29:29";
"vevaKPYQ3Bw0cwHtq2q3zQo8Jk";"i6W8MyPFQp6AWLcFKoZx1w";"Monkey.TM";;"12";"1";"8";"-1";;"1";"2022-11-05 21:29:29";
"vevaKPYQ3Bw0cwHtq2q3zQo8Jk";"rijOh4tvTAW97AcPxIgfcA";"Nayko.TM";;"13";"1";"7";"-1";;"1";"2022-11-05 21:29:29";
"vevaKPYQ3Bw0cwHtq2q3zQo8Jk";"8hOxAJGpTVqRXb0cMbezbw";"Noiza.";;"14";"1";"6";"-1";;"1";"2022-11-05 21:29:29";
"vevaKPYQ3Bw0cwHtq2q3zQo8Jk";"KzrTzeAuRZyNFLNtRsLi_Q";"P3kingente";;"15";"1";"5";"-1";;"1";"2022-11-05 21:29:29";
"vevaKPYQ3Bw0cwHtq2q3zQo8Jk";"7AJp1S0ZQeupMQG4oRwnhA";"RandomTM-";;"16";"1";"4";"-1";;"1";"2022-11-05 21:29:29";
"vevaKPYQ3Bw0cwHtq2q3zQo8Jk";"2_K-XAMoRUGUMVWtUygEEA";"Seanywolf";;"17";"1";"3";"-1";;"1";"2022-11-05 21:29:29";
"vevaKPYQ3Bw0cwHtq2q3zQo8Jk";"7VeNdCHaTYWrce5EYn7Ckw";"SilentSamTM";;"18";"1";"2";"-1";;"1";"2022-11-05 21:29:29";
"vevaKPYQ3Bw0cwHtq2q3zQo8Jk";"2tuvKOe1Qpu_N4yMFBn89A";"That_Ski_Freak";;"19";"1";"1";"-1";;"1";"2022-11-05 21:29:29";
"vevaKPYQ3Bw0cwHtq2q3zQo8Jk";"-zEiJKBRQlCQhShsZcS7rA";"bozbez";;"20";"1";"0";"-1";;"1";"2022-11-05 21:29:29";
"vevaKPYQ3Bw0cwHtq2q3zQo8Jk";"bn2GhrXxSEOlFgESUCZ7tw";"Eria.TM";;"21";"1";"0";"-1";;"1";"2022-11-05 21:29:29";
"vevaKPYQ3Bw0cwHtq2q3zQo8Jk";"SXQD8ktQRCSJqbgdyzSmwA";"Lina_Kitty";;"22";"1";"0";"-1";;"1";"2022-11-05 21:29:29";
"vevaKPYQ3Bw0cwHtq2q3zQo8Jk";"W-I0PnAJS4uG49LafKKe9g";"N7xyz";;"23";"1";"0";"-1";;"1";"2022-11-05 21:29:29";
"vevaKPYQ3Bw0cwHtq2q3zQo8Jk";"_KRQeGumT9S8tjKacsvKBQ";"Speedself";;"24";"1";"0";"-1";;"1";"2022-11-05 21:29:29";
"vevaKPYQ3Bw0cwHtq2q3zQo8Jk";"lVsoxs1ZR5aAYBKMZhKLnw";"Thomas_Jean";;"25";"1";"0";"-1";;"1";"2022-11-05 21:29:29";
"vevaKPYQ3Bw0cwHtq2q3zQo8Jk";"zdXECAYCS6WwEF51TiXL5A";"xephyr.chris";;"26";"1";"0";"-1";;"1";"2022-11-05 21:29:29";
"UZGcm5bPCQUJ4cbsvadTHqvrah6";"8hOxAJGpTVqRXb0cMbezbw";"Noiza.";;"1";"1";"129";"364525";"11751,22002,29425,34998,45380,50092,53588,64621,65827,73212,83365,90808,96412,105372,110045,113368,124256,125463,132752,142755,150152,155721,164595,169295,172608,183455,184618,191875,201972,209728,215285,224261,228915,232255,243170,244368,251705,262089,270752,276392,285262,289912,293218,304457,305622,312894,322968,330338,335868,344757,349425,352752,363511,364525";"0";"2022-11-05 21:48:43";
"UZGcm5bPCQUJ4cbsvadTHqvrah6";"pGFZWSzLQmSN4RCM_OQlhQ";"Acide.";;"2";"1";"128";"367912";"11885,22295,29718,35268,44207,48945,52525,64024,65231,72838,83152,90698,96378,105314,110028,113425,124815,126388,134498,144682,152555,158135,166954,171695,175032,185980,187141,194532,204852,212762,218782,227805,232515,235872,247052,248280,255708,265945,273452,279072,288027,292808,296155,307053,308225,315602,325818,333272,338815,347805,352505,355998,366848,367912";"0";"2022-11-05 21:48:43";
"UZGcm5bPCQUJ4cbsvadTHqvrah6";"eUoobETZQnaDzkMcunurdA";"F9.Marius89";;"3";"1";"127";"371338";"12058,22438,30135,35885,45200,50385,53878,65018,66222,74052,84398,92092,97818,106919,112032,115368,126448,127651,135412,145588,153182,158988,168002,172812,176138,187375,188568,196245,206395,214052,219908,229214,234709,238698,249784,250968,258351,268492,276012,281568,290631,295432,298792,309695,310818,318514,328952,336445,342114,351373,356108,359462,370375,371338";"0";"2022-11-05 21:48:43";
"UZGcm5bPCQUJ4cbsvadTHqvrah6";"zdXECAYCS6WwEF51TiXL5A";"xephyr.chris";;"4";"1";"126";"372945";"12071,22768,30522,36115,45268,50002,53575,65122,66255,73968,84318,91995,97592,106668,111582,115035,126341,127498,135141,145525,153085,158718,167864,172805,176178,187375,188534,196205,206588,214208,220178,229187,233818,237125,248928,250105,257815,268165,275865,281478,290918,295648,299175,310338,311521,319515,329798,337518,343068,352315,357135,360558,371798,372945";"0";"2022-11-05 21:48:43";
"UZGcm5bPCQUJ4cbsvadTHqvrah6";"afsvjiq_StuQ2fP1ExHOaQ";"Dam_Pouleto";;"5";"1";"125";"373485";"12171,22815,30542,36168,45344,50999,55102,66364,67562,75315,85802,93315,98915,108328,113372,116868,127901,129104,136948,147838,155672,161345,170372,175255,178815,189815,191031,198602,209025,216632,222192,231200,236025,239455,250438,251641,259302,269852,277502,283198,292297,297225,300712,311672,312851,320368,330798,338352,344038,353081,357995,361455,372448,373485";"0";"2022-11-05 21:48:43";
"UZGcm5bPCQUJ4cbsvadTHqvrah6";"_KRQeGumT9S8tjKacsvKBQ";"Speedself";;"6";"1";"124";"373708";"11862,22292,30225,35972,45083,49868,53215,64313,65588,72984,83268,91102,97045,106274,111262,114622,126755,128015,137935,148432,156048,161625,170712,175515,178912,189997,191135,198712,208932,216508,222098,231147,236925,240672,251691,252862,260354,270585,278228,283871,292767,297602,301082,312091,313225,320748,331092,338605,344272,353364,358095,361672,372702,373708";"0";"2022-11-05 21:48:43";
"UZGcm5bPCQUJ4cbsvadTHqvrah6";"i8p8gYa5TMapnIvmvYflHA";"Walegen";;"7";"1";"123";"375054";"11802,22038,29605,41512,50948,55932,59305,70313,71464,79135,89262,96838,102488,111398,116215,119572,130430,131591,139298,149482,160522,166115,175267,180055,183475,194325,195468,202878,213132,220772,226362,235302,240185,243602,254418,255562,263115,273148,280698,286238,295226,299978,303482,314370,315475,322925,333072,340642,346198,355052,359778,363102,373907,375054";"0";"2022-11-05 21:48:43";
"UZGcm5bPCQUJ4cbsvadTHqvrah6";"duzYCzPgSsCSPOosBZJu6w";"DankTM";;"8";"1";"122";"376718";"11868,22625,30448,36293,48218,53599,57412,68620,69752,77528,87695,95412,100995,110238,114958,118492,129514,130684,138284,149015,156688,162945,172218,177393,181112,192091,193242,200881,211415,219028,224651,233704,238498,241922,252867,254024,261608,272005,279728,285291,294778,299602,303108,313963,315098,322745,332985,340555,346215,355190,361068,364578,375555,376718";"0";"2022-11-05 21:48:43";
"UZGcm5bPCQUJ4cbsvadTHqvrah6";"tJhFwq1BQqOiJK-Tk35LTQ";"Acrose17";;"9";"1";"121";"378988";"11965,22238,29755,35278,44232,48939,52735,63698,64832,72435,82798,90298,95925,104962,114638,117925,128883,130051,138521,148835,156732,162365,171322,176005,179552,191301,192502,199974,210302,217815,226611,235488,241042,244598,255664,256840,264592,275025,282632,288175,297036,301682,304952,315995,317416,325232,335528,343128,348798,357757,363118,366778,377874,378988";"0";"2022-11-05 21:48:43";
"UZGcm5bPCQUJ4cbsvadTHqvrah6";"lDJF5swBQOyA-Xe7LLtZFA";"HeavTM";;"10";"1";"120";"381155";"11832,22105,29615,35222,44155,49022,52392,63660,64805,72212,86655,94202,99815,108791,113532,116898,127788,128948,136508,147422,154955,160678,169914,175547,180109,191928,193075,205949,216775,224278,229828,238827,243718,247192,258364,259495,266972,278725,286282,291938,300835,305645,308982,320142,321302,328662,338872,346412,351858,360750,365522,368915,380115,381155";"0";"2022-11-05 21:48:43";
"UZGcm5bPCQUJ4cbsvadTHqvrah6";"v2s1_QsGTOSJHnw03CFEkQ";"nekojimTM";;"11";"1";"119";"383234";"11764,22182,30048,35688,45056,49928,53382,64633,65788,73401,83875,91455,97038,111292,116402,119822,130878,132075,139758,150695,158422,163968,173315,182968,186380,198171,199345,206942,217465,225302,230948,240075,244905,248255,259378,260594,268428,278925,286548,292408,301908,306902,310412,321548,322725,330068,340382,347942,353548,362600,367428,370782,382048,383234";"0";"2022-11-05 21:48:43";
"UZGcm5bPCQUJ4cbsvadTHqvrah6";"bn2GhrXxSEOlFgESUCZ7tw";"Eria.TM";;"12";"1";"118";"383408";"11765,22058,29665,35344,44338,49808,54019,67837,69148,76918,87365,94858,100528,109651,114325,117868,129161,130425,137748,148398,156078,161738,171088,176644,180589,192237,193481,200882,211072,218865,225278,234215,239063,242715,254385,255628,263275,274137,283702,289342,298291,303162,306498,319265,320532,328002,338172,345752,351322,360391,366248,370889,382362,383408";"0";"2022-11-05 21:48:43";
"UZGcm5bPCQUJ4cbsvadTHqvrah6";"NLv5BmoyQJyW3FE3Rsf5Yg";"seraf_.";;"13";"1";"117";"383791";"11825,22312,29905,35545,44524,53104,57928,69322,70498,78262,91085,98688,104382,113525,118345,121758,132795,134007,141985,152365,159852,165652,174824,179648,183048,195934,197143,204951,215325,223002,228668,237771,242598,246282,257383,258577,266001,276262,284678,290332,299663,304738,308142,319025,320221,327752,338115,346309,353348,362502,367528,371052,382527,383791";"0";"2022-11-05 21:48:43";
"UZGcm5bPCQUJ4cbsvadTHqvrah6";"rijOh4tvTAW97AcPxIgfcA";"Nayko.TM";;"14";"1";"116";"384928";"11931,22559,30832,36732,45723,50532,54015,65261,66428,73978,84392,91962,97625,106521,111315,114738,126082,127238,134768,145038,152545,158168,167258,172238,175668,186876,188078,195535,205852,213425,219058,227927,232752,236092,247026,248214,255878,266182,273728,279338,288301,293192,296575,307941,309087,316645,330958,341552,350808,364771,369475,372812,383685,384928";"0";"2022-11-05 21:48:43";
"UZGcm5bPCQUJ4cbsvadTHqvrah6";"1G-0XdQiR8mXhWcnCjEeJQ";"eLconn21";;"15";"1";"115";"386435";"11702,21922,29485,35062,44005,48818,52242,63520,64662,71918,82518,90105,95721,104962,110128,113462,124401,125554,134828,145148,152608,158121,167044,171818,175168,186028,187212,194482,206225,213702,226184,235121,239962,243398,254418,255548,263012,273142,280568,286248,295105,299882,303228,314027,315182,328171,338482,349138,354945,364053,369132,372732,385387,386435";"0";"2022-11-05 21:48:43";
"UZGcm5bPCQUJ4cbsvadTHqvrah6";"9pgM1HfOQEW8cyXmiZfZEQ";"Evo.DC";;"16";"1";"114";"388035";"13085,23472,31168,36942,46118,50855,54438,69098,70282,78275,88715,96352,102025,111013,118319,122809,135020,136192,143825,154262,161922,167585,176530,181285,184632,196130,197284,205008,215385,223065,228964,238791,243735,247168,258710,259881,267562,278015,289092,294694,303692,308725,312318,323425,324646,332428,344139,352808,358528,367455,372298,375932,386938,388035";"0";"2022-11-05 21:48:43";
"UZGcm5bPCQUJ4cbsvadTHqvrah6";"5Uzub-UqTLS_o8sZAXogFQ";"JaffaPadawan";;"17";"1";"113";"388280";"11881,22152,33562,39112,48738,53525,56985,68518,69807,80135,90612,98248,103848,112733,117725,121158,132524,134107,142198,152595,161895,167570,176574,181395,184712,195735,197022,204862,215335,222928,228662,237570,242275,245672,259535,260850,268415,278652,289162,294980,303888,309512,313028,324176,325378,332730,343035,350575,356335,365315,370075,376088,387195,388280";"0";"2022-11-05 21:48:43";
"UZGcm5bPCQUJ4cbsvadTHqvrah6";"-zEiJKBRQlCQhShsZcS7rA";"bozbez";;"18";"1";"112";"389384";"11964,36852,44475,50118,62277,67408,70835,82120,83344,91078,101495,112555,118248,127303,132062,135368,146511,147702,155234,165668,173425,179092,187948,192688,196035,207135,208378,215888,226258,233795,239432,248350,253022,256605,267760,268970,276402,286592,294088,299668,308702,313405,316932,327981,329147,336548,346768,354315,359955,368915,373632,377098,388290,389384";"0";"2022-11-05 21:48:43";
"UZGcm5bPCQUJ4cbsvadTHqvrah6";"PXFSTZItR1Wfmoa9k87b-Q";"Intax";;"19";"1";"111";"389988";"12645,23282,30752,36512,45847,55675,59365,70956,72088,80382,90902,102812,108418,117855,122588,126295,137733,138931,146621,157294,165645,171278,180295,185015,188455,199608,200795,208568,219362,227052,232655,241798,247078,251278,262357,263532,271112,281322,288938,297562,306797,311492,314845,326010,327145,334668,345055,354785,360508,369591,374332,377808,388865,389988";"0";"2022-11-05 21:48:43";
"UZGcm5bPCQUJ4cbsvadTHqvrah6";"HvnBY5wLT8WpZpz5prn0Xg";"CUPaCAT_TM";;"20";"1";"110";"390195";"12098,22662,30315,36340,45803,50635,54088,65564,66692,74888,85355,93238,106278,115088,119942,123398,134738,135932,143625,154579,164255,169962,179342,184804,188685,200116,201307,208725,219629,227882,233982,243062,247905,251340,263718,264920,272478,283192,291242,297025,306390,311558,314998,326294,327432,335582,346242,353945,359728,368892,374364,378202,389194,390195";"0";"2022-11-05 21:48:43";
"UZGcm5bPCQUJ4cbsvadTHqvrah6";"eDkWqGjhRCmQMcCB5m27Jw";"Pr1nglz.";;"21";"1";"109";"390245";"12095,22742,30555,36382,45383,50168,53548,65040,66275,74121,84715,92232,97965,107323,112105,115515,127604,128772,136878,147812,155682,161472,170405,175222,178552,189665,190894,198955,209355,217178,222965,232101,237224,241078,252193,253447,261255,283118,290852,296865,305900,310572,313868,326628,327888,335668,346135,353868,359535,368390,373115,376468,388982,390245";"0";"2022-11-05 21:48:43";
"UZGcm5bPCQUJ4cbsvadTHqvrah6";"sjtId3fEQGS73R-U0IEC9g";"Jaakaah";;"22";"1";"108";"393250";"12831,23968,31908,37608,47124,52382,55975,67477,68632,76461,87620,94755,100365,109578,114362,117742,128745,129915,137730,160978,168920,174770,183780,188592,191998,203628,204785,212805,223668,231415,237122,247012,251922,255312,266445,267830,275328,286545,294302,299902,309394,314165,317600,328891,330062,337971,349422,357212,362805,372032,376805,380375,392270,393250";"0";"2022-11-05 21:48:43";
"UZGcm5bPCQUJ4cbsvadTHqvrah6";"KzrTzeAuRZyNFLNtRsLi_Q";"P3kingente";;"23";"1";"107";"393438";"12582,23128,30678,36292,45705,50475,53805,64903,66065,73912,84388,92572,98168,107254,114833,119329,130950,132125,139462,149612,158772,164479,174263,184408,187922,199148,200308,207772,217898,225485,231255,240971,245635,248992,259921,261190,268888,279348,290765,299848,309226,314108,317575,328415,329658,337208,347598,355705,363342,373241,378042,381352,392303,393438";"0";"2022-11-05 21:48:43";
"UZGcm5bPCQUJ4cbsvadTHqvrah6";"7AJp1S0ZQeupMQG4oRwnhA";"RandomTM-";;"24";"1";"106";"393722";"12065,22655,34313,48848,58162,63135,66552,78418,79618,87875,98538,106662,112378,121760,126762,130278,141595,142755,150562,160945,168788,174491,183865,189048,192588,203702,204988,212688,223198,231098,236872,247315,252395,255775,266970,268178,275797,286485,294198,299682,309084,313915,317345,329123,330384,338135,349568,357298,362944,372378,377272,380785,392430,393722";"0";"2022-11-05 21:48:43";
"UZGcm5bPCQUJ4cbsvadTHqvrah6";"NqRHMRkkQouv_26tRkW6QQ";"AgentWhiskeyy";;"25";"1";"105";"393742";"11962,22532,30398,39528,49408,56314,61249,73258,74488,82835,93248,100848,106608,116245,121642,125225,136308,137465,145242,155618,164168,169902,178965,183868,187355,198577,199843,207532,218244,226722,232585,241938,248034,251832,264152,265378,273005,283272,290945,296608,305635,311842,315498,326704,327932,335712,349822,357795,363418,373370,378262,381642,392705,393742";"0";"2022-11-05 21:48:43";
"UZGcm5bPCQUJ4cbsvadTHqvrah6";"2_K-XAMoRUGUMVWtUygEEA";"Seanywolf";;"26";"1";"104";"394918";"12038,22808,30708,36549,46231,51145,54852,66238,67454,75108,85828,93615,99132,108244,113032,116678,127845,129057,136874,148042,155968,162989,173837,178632,182228,193420,194558,202338,213018,220688,226408,235618,241369,245682,257451,258645,266555,277955,285858,291624,300904,312711,316978,329948,331124,338862,350035,357715,363423,372628,378132,382175,393667,394918";"0";"2022-11-05 21:48:43";
"UZGcm5bPCQUJ4cbsvadTHqvrah6";"4vEKfNi8RIS0nt_i7D-6Lw";"LXXXX..";;"27";"1";"103";"394925";"11942,22252,29742,35528,45392,53889,57955,72848,74112,81912,92218,101368,107228,116674,126635,130072,141092,142255,150052,160468,168015,173908,183412,189032,192495,203564,204752,212341,222915,230562,236102,246055,251078,254618,265802,266982,274718,285142,292632,298165,307524,312942,316462,327625,328808,336328,346752,354285,359962,369304,375784,380215,393750,394925";"0";"2022-11-05 21:48:43";
"UZGcm5bPCQUJ4cbsvadTHqvrah6";"YorqTxTJSUOLlz3sSi-Whg";"BanZ_TM";;"28";"1";"102";"396762";"12122,23225,31192,36908,46710,51812,55332,66758,67973,76358,87585,95368,101145,110967,115932,119448,130760,131963,139868,150468,158138,163898,173727,178695,182082,197472,198772,206928,218252,229885,235512,244628,249508,253072,264361,265554,273518,284522,292322,297908,307545,312325,315862,327275,328493,339405,350712,358538,364228,373638,378498,381955,395627,396762";"0";"2022-11-05 21:48:43";
"UZGcm5bPCQUJ4cbsvadTHqvrah6";"i6W8MyPFQp6AWLcFKoZx1w";"Monkey.TM";;"29";"1";"101";"397958";"11798,21978,29992,35928,51640,57265,60758,71923,73178,80738,91018,98458,104065,112895,117708,121188,133148,134367,141805,152102,159555,165348,174307,179018,182442,193322,194452,201931,212108,220068,244252,253415,258152,261505,272581,273798,281425,291652,299108,308035,316908,321678,325122,336558,337815,345358,355862,363402,368992,377898,382605,385902,396873,397958";"0";"2022-11-05 21:48:43";
"UZGcm5bPCQUJ4cbsvadTHqvrah6";"sLFc3NnzTASVD6JDVqRCrQ";"nor_mu";;"30";"1";"100";"398338";"12112,23242,37448,43245,52476,58285,61778,73191,74455,82152,93785,101678,107245,116478,121402,124975,136570,137775,145898,156365,163922,170121,179680,184428,187845,199105,200390,208182,218718,226732,239132,248541,253462,256935,268161,269348,277128,287635,295528,301332,310432,315335,318995,330325,331578,339182,349718,362822,368605,377747,382618,386035,397058,398338";"0";"2022-11-05 21:48:43";
"UZGcm5bPCQUJ4cbsvadTHqvrah6";"-1JWHoY_Say7NBI1ExhS8w";"andre.tm";;"31";"1";"99";"399695";"12765,24005,31845,44285,53822,59232,62852,75138,76322,84265,95428,103302,109152,118760,124002,127582,139432,140642,148235,159072,167098,172768,182182,187235,190738,202381,203572,211098,221805,229702,235735,245096,250425,253898,266537,267735,275335,285769,293762,299501,308722,314372,318534,335062,336244,343908,354574,363048,368755,378401,383535,387018,398480,399695";"0";"2022-11-05 21:48:43";
"UZGcm5bPCQUJ4cbsvadTHqvrah6";"Cku-HEVwSQOU6NAQhx3fAA";"Tiger.TM";;"32";"1";"98";"401417";"12222,23405,31352,36961,46701,51725,55192,66761,67902,76178,87468,95438,101382,110982,122693,126819,139068,140242,148451,159855,167778,177765,187801,192738,196465,207955,209192,217565,228752,236468,242388,251795,256598,259938,271418,272665,281072,291675,299782,305585,314560,319615,323052,334865,336035,344358,355415,363392,369025,378075,384378,388799,400368,401417";"0";"2022-11-05 21:48:43";
"UZGcm5bPCQUJ4cbsvadTHqvrah6";"pRKvzOUWS0iUyFNKi27nQQ";"GibbonsterTM";;"33";"1";"28";"404185";"12121,22672,30262,36148,45530,50355,53838,66467,67674,75382,86098,93758,99384,108753,113748,117335,128592,129768,137518,148665,156472,162115,171245,176543,180425,192026,193248,201082,211854,220162,225808,234787,239532,243055,254361,255532,263485,274018,281632,287154,295948,300688,304105,315361,316508,324172,351685,359475,371511,380495,385392,388898,403045,404185";"0";"2022-11-05 21:48:43";
"UZGcm5bPCQUJ4cbsvadTHqvrah6";"g_pHUMO0QvWc_6flTfUF8w";"Babzify";;"34";"1";"27";"405388";"11948,22405,30035,35775,44860,53445,56965,68651,69825,79871,91152,99012,105101,114212,119132,122802,133988,135208,144564,155845,164432,170278,179228,184082,187744,199574,200895,208721,219298,227112,232919,247762,253419,257312,269008,270341,278354,289138,297484,304115,313304,322978,326722,337931,339104,346768,357132,365055,370788,379858,385473,389884,404280,405388";"0";"2022-11-05 21:48:43";
"UZGcm5bPCQUJ4cbsvadTHqvrah6";"cuUfpj2YRf2T-nu2gWJUdg";"Dantski";;"35";"1";"26";"411558";"13081,24618,32902,47288,57515,62925,66728,78202,79494,87328,98055,106002,111825,121697,126732,130445,141723,142972,150745,161975,170185,176088,186454,191305,195462,206661,207858,215605,226212,234235,240108,249668,254668,258315,269530,270772,278491,290999,301018,307329,318864,323758,327238,339002,340177,348218,358972,367942,374323,384173,389022,392512,410372,411558";"0";"2022-11-05 21:48:43";
"UZGcm5bPCQUJ4cbsvadTHqvrah6";"lVsoxs1ZR5aAYBKMZhKLnw";"Thomas_Jean";;"36";"1";"25";"416024";"11692,21978,29538,35082,43965,48812,52308,63018,64148,72285,82392,89892,95405,104323,109215,112638,123552,124712,134058,144295,151762,157288,170072,181652,185048,196218,197442,205002,218368,225818,231455,240842,245525,248942,259772,260982,268395,280252,289092,294662,303538,308208,311545,322211,323375,330864,340905,348252,385375,394918,399954,404178,415068,416024";"0";"2022-11-05 21:48:43";
"UZGcm5bPCQUJ4cbsvadTHqvrah6";"wtUZFqn-T3afU01AMnqV9Q";"LasedTM";;"37";"1";"24";"-1";;"0";"2022-11-05 21:48:43";
"UZGcm5bPCQUJ4cbsvadTHqvrah6";"lyY9GN__RQSzdvUBipKvMw";"squikeay.wp";;"38";"1";"23";"-1";;"0";"2022-11-05 21:48:43";
"UZGcm5bPCQUJ4cbsvadTHqvrah6";"khnMZGPsTP6IkKQjkJPnHA";"Trunoob.TM";;"39";"1";"22";"-1";;"0";"2022-11-05 21:48:43";
"UZGcm5bPCQUJ4cbsvadTHqvrah6";"WgLXYR2eR1e8L400cbjvOA";"Piadith";;"40";"1";"21";"-1";;"0";"2022-11-05 21:48:43";
"UZGcm5bPCQUJ4cbsvadTHqvrah6";"2HxWwCaLRMy_ybI5oeFa0w";"eLconn13";;"41";"1";"20";"-1";;"0";"2022-11-05 21:48:43";
"UZGcm5bPCQUJ4cbsvadTHqvrah6";"7VeNdCHaTYWrce5EYn7Ckw";"SilentSamTM";;"42";"1";"19";"-1";;"0";"2022-11-05 21:48:43";
"UZGcm5bPCQUJ4cbsvadTHqvrah6";"NQk_IyQpRPaT2VWLQoRMvw";"WolfpuppyTM";;"43";"1";"18";"-1";;"0";"2022-11-05 21:48:43";
"UZGcm5bPCQUJ4cbsvadTHqvrah6";"AoteWwKqTyGdtYnzu6R0Sw";"OC1895";;"44";"1";"17";"-1";;"0";"2022-11-05 21:48:43";
"UZGcm5bPCQUJ4cbsvadTHqvrah6";"Qfq-zLFXR8aqb-Kb6Nmz_Q";"Ceenis";;"45";"1";"16";"-1";;"0";"2022-11-05 21:48:43";
"UZGcm5bPCQUJ4cbsvadTHqvrah6";"24J8RGtsRzeTnX96aq4sSw";"PASZS";;"46";"1";"15";"-1";;"0";"2022-11-05 21:48:43";
"UZGcm5bPCQUJ4cbsvadTHqvrah6";"qEkJ-aoiRTee7naYK0b2qA";"cthn490";;"47";"1";"14";"-1";;"0";"2022-11-05 21:48:43";
"UZGcm5bPCQUJ4cbsvadTHqvrah6";"FcCDgMS2Rc6xOFof-amksg";"Demon_Dragon";;"48";"1";"13";"-1";;"0";"2022-11-05 21:48:43";
"UZGcm5bPCQUJ4cbsvadTHqvrah6";"bjvz-X3LR9S9rgN6tmYo8g";"RandomizeTM";;"49";"1";"12";"-1";;"0";"2022-11-05 21:48:43";
"UZGcm5bPCQUJ4cbsvadTHqvrah6";"GFhrWjPgR0u0GV5Q1sUn1g";"Orihkeks";;"50";"1";"11";"-1";;"0";"2022-11-05 21:48:43";
"UZGcm5bPCQUJ4cbsvadTHqvrah6";"DT7p1y-xSnqFuRNL3j-N4w";"BraeburnTM";;"51";"1";"10";"-1";;"0";"2022-11-05 21:48:43";
"UZGcm5bPCQUJ4cbsvadTHqvrah6";"sows1g2nTn-OwdZdHTXdDQ";"nyigel.";;"52";"1";"9";"-1";;"0";"2022-11-05 21:48:43";
"UZGcm5bPCQUJ4cbsvadTHqvrah6";"Lxt6gA8uQCqket_7gfgAlw";"erq66";;"53";"1";"8";"-1";;"0";"2022-11-05 21:48:43";
"UZGcm5bPCQUJ4cbsvadTHqvrah6";"nFOuZHqNSPi1luAJ1XvVfw";"not7_Harry";;"54";"1";"7";"-1";;"0";"2022-11-05 21:48:43";
"UZGcm5bPCQUJ4cbsvadTHqvrah6";"tbzksW00QtqhdDsI4uPxpQ";"CapnDriz";;"55";"1";"6";"-1";;"0";"2022-11-05 21:48:43";
"UZGcm5bPCQUJ4cbsvadTHqvrah6";"lyAD7WvBTbqPmpv3f916ow";"Davisssimo";;"56";"1";"5";"-1";;"0";"2022-11-05 21:48:43";
"UZGcm5bPCQUJ4cbsvadTHqvrah6";"W-I0PnAJS4uG49LafKKe9g";"N7xyz";;"57";"1";"4";"-1";;"0";"2022-11-05 21:48:43";
"UZGcm5bPCQUJ4cbsvadTHqvrah6";"zIlQ8PbTRdytK83hIYqDmQ";"Stoxenbawns";;"58";"1";"3";"-1";;"0";"2022-11-05 21:48:43";
"UZGcm5bPCQUJ4cbsvadTHqvrah6";"0V7XXr-pS4yNx95XkP5DeA";"TehPurzi";;"59";"1";"2";"-1";;"0";"2022-11-05 21:48:43";
"UZGcm5bPCQUJ4cbsvadTHqvrah6";"z2ch065DS2iffzEsX7FdMg";"Z0RQ";;"60";"1";"1";"-1";;"0";"2022-11-05 21:48:43";
"UZGcm5bPCQUJ4cbsvadTHqvrah6";"tIbPZcW-Tv-Tnk2dG-HprA";"s7_nitro";;"61";"1";"0";"-1";;"0";"2022-11-05 21:48:43";
"UZGcm5bPCQUJ4cbsvadTHqvrah6";"DgqrDyzPSmC6YhoXt7cm5A";"GrayBuddha";;"62";"1";"0";"-1";;"0";"2022-11-05 21:48:43";
"UZGcm5bPCQUJ4cbsvadTHqvrah6";"CL8x_DNxQTCdUyj_jiPO-g";"KilorAnus";;"63";"1";"0";"-1";;"0";"2022-11-05 21:48:43";
"UZGcm5bPCQUJ4cbsvadTHqvrah6";"Cxw7rxKgQP-MzfwZp0yFbg";"NeoShico";;"64";"1";"0";"-1";;"0";"2022-11-05 21:48:43";
"UZGcm5bPCQUJ4cbsvadTHqvrah6";"2tuvKOe1Qpu_N4yMFBn89A";"That_Ski_Freak";;"65";"1";"0";"-1";;"0";"2022-11-05 21:48:43";
"UZGcm5bPCQUJ4cbsvadTHqvrah6";"cBqYXv-0RKyFiJWyCkz1fg";"maggi323";;"66";"1";"0";"-1";;"0";"2022-11-05 21:48:43";
"UZGcm5bPCQUJ4cbsvadTHqvrah6";"CsjRwusHTiKU5Vp89LBSXw";"mirs1991";;"67";"1";"0";"-1";;"0";"2022-11-05 21:48:43";
"UZGcm5bPCQUJ4cbsvadTHqvrah6";"-hpyyytgSIKKGuoJt24IMw";"skratcher2013";;"68";"1";"0";"-1";;"0";"2022-11-05 21:48:43";
"UZGcm5bPCQUJ4cbsvadTHqvrah6";"18AkUnMzSd-KMUz5MkdQBw";"sophie.ice";;"69";"1";"0";"-1";;"0";"2022-11-05 21:48:43";
"UZGcm5bPCQUJ4cbsvadTHqvrah6";"8hOxAJGpTVqRXb0cMbezbw";"Noiza.";;"1";"2";"135";"362274";"11722,21868,29375,34872,43732,48402,51905,62855,64014,71262,81512,88912,94405,103244,107912,111252,122065,123237,130705,140952,148432,153948,162877,167535,170858,181677,182795,190302,200492,208005,213698,222470,227092,230452,241382,242525,249811,260158,267528,273092,281971,286585,289888,300765,301944,309255,319639,327838,333448,342315,346915,350228,361081,362274";"0";"2022-11-05 21:55:50";
"UZGcm5bPCQUJ4cbsvadTHqvrah6";"pGFZWSzLQmSN4RCM_OQlhQ";"Acide.";;"2";"2";"134";"363209";"11848,22122,29622,35145,43981,48705,52102,63107,64361,71815,82232,89798,95318,104215,108928,112282,123187,124370,131728,141832,149378,154901,163860,168568,172002,182888,184050,191352,201535,209045,214622,223535,228218,231545,242357,243524,250885,261228,268822,274402,283301,288038,291415,302226,303365,310672,320975,328455,333945,342815,347552,350992,361838,363209";"0";"2022-11-05 21:55:50";
"UZGcm5bPCQUJ4cbsvadTHqvrah6";"-zEiJKBRQlCQhShsZcS7rA";"bozbez";;"3";"2";"133";"365724";"12164,22755,30302,35898,44928,49578,53015,64073,65318,72695,82818,90425,95975,104955,109625,112985,123965,125105,132595,142842,150415,155942,164847,169462,172885,183862,185045,192525,202578,210045,215608,224531,230048,233578,244650,245825,253285,263425,271012,276532,285512,290185,293618,304698,305858,313225,323365,330938,336475,345394,350135,353508,364717,365724";"0";"2022-11-05 21:55:50";
"UZGcm5bPCQUJ4cbsvadTHqvrah6";"1G-0XdQiR8mXhWcnCjEeJQ";"eLconn21";;"4";"2";"132";"367584";"11732,21958,29378,35015,43827,48608,51938,62920,64058,71384,81522,89082,94602,103450,108205,111645,122345,123494,130902,141005,149382,154972,163758,168465,171848,182577,183737,192178,203525,210975,216585,225475,230268,233532,244152,245318,252678,266228,273555,279038,287881,292655,296025,306886,308025,315575,325672,333182,338741,347762,352432,355685,366631,367584";"0";"2022-11-05 21:55:50";
"UZGcm5bPCQUJ4cbsvadTHqvrah6";"eUoobETZQnaDzkMcunurdA";"F9.Marius89";;"5";"2";"131";"368774";"11838,22102,29652,35348,44452,49208,52538,63527,64695,72175,82465,90068,95631,104948,109815,113252,124380,125534,133102,143442,151155,156882,166095,171678,175075,186055,187272,196012,206418,213955,219647,228768,233565,236915,247866,249071,256485,266695,274312,279918,288932,293665,297032,308015,309238,316584,326755,334155,339832,348871,353555,356858,367821,368774";"0";"2022-11-05 21:55:50";
"UZGcm5bPCQUJ4cbsvadTHqvrah6";"afsvjiq_StuQ2fP1ExHOaQ";"Dam_Pouleto";;"6";"2";"130";"368862";"11952,22885,30608,36275,45168,49922,53355,64235,65441,72988,83522,91265,96848,105845,110525,113898,124838,126005,133557,144128,151898,157495,166595,171528,174955,185813,186988,194652,205025,212568,218195,227298,232032,235428,246287,247515,255088,265538,273025,278618,287601,292358,295742,306690,307851,315385,325582,333168,338838,347777,353332,357045,367815,368862";"0";"2022-11-05 21:55:50";
"UZGcm5bPCQUJ4cbsvadTHqvrah6";"zdXECAYCS6WwEF51TiXL5A";"xephyr.chris";;"7";"2";"129";"369425";"12245,22675,30322,35948,44912,49728,53362,64415,65548,73075,84498,92148,97782,106735,111562,114998,125810,126935,134432,144805,152382,157938,167141,171852,175255,186672,187808,195388,205678,213482,219112,228088,232848,236368,247495,248642,256145,266482,274225,279855,288841,293508,296868,308108,309251,316768,327178,334828,340305,349301,353975,357445,368408,369425";"0";"2022-11-05 21:55:50";
"UZGcm5bPCQUJ4cbsvadTHqvrah6";"i8p8gYa5TMapnIvmvYflHA";"Walegen";;"8";"2";"128";"370098";"11765,22045,29672,35228,44173,48862,52285,63084,64251,71742,82038,90038,95532,104365,109202,112528,123728,124912,132402,142824,150835,156355,166045,170842,174298,185443,186578,194155,204385,211998,217515,226444,231198,234522,245600,246744,254101,264202,271758,277348,286258,291008,294362,305138,306237,314035,328142,335675,341148,350098,354862,358215,368972,370098";"0";"2022-11-05 21:55:50";
"UZGcm5bPCQUJ4cbsvadTHqvrah6";"tJhFwq1BQqOiJK-Tk35LTQ";"Acrose17";;"9";"2";"127";"370821";"11928,22225,29698,35338,44380,49065,52408,63334,64628,72058,82245,89682,95268,104228,109018,112372,123350,124583,132025,142365,150032,155575,164432,169182,172695,183618,184838,192325,202688,210242,215892,224915,229685,233105,244198,245380,252815,262972,270398,276032,285134,289838,293245,304452,305645,313125,323292,330682,336338,350482,355232,358702,369715,370821";"0";"2022-11-05 21:55:50";
"UZGcm5bPCQUJ4cbsvadTHqvrah6";"rijOh4tvTAW97AcPxIgfcA";"Nayko.TM";;"10";"2";"126";"371263";"11868,22235,29692,35201,44420,50964,55362,67841,69064,76604,86908,94572,100162,109067,114052,117548,128621,129867,137422,147932,155608,161322,170372,175335,178652,189618,190830,198291,208598,216138,221698,230628,235442,238845,249908,251108,258562,268955,276372,281948,290863,295728,299272,310373,311571,318988,329298,336822,342395,351347,356172,359485,370318,371263";"0";"2022-11-05 21:55:50";
"UZGcm5bPCQUJ4cbsvadTHqvrah6";"KzrTzeAuRZyNFLNtRsLi_Q";"P3kingente";;"11";"2";"125";"371482";"11858,22098,29662,35308,44484,50572,54258,65155,66355,74025,84662,92425,98035,107005,111768,115172,126204,127401,134861,145118,152712,158328,167367,172175,175695,186647,187785,196165,206258,214802,220428,229511,234182,237528,248380,249594,257102,267528,275295,281198,290547,295342,298742,309605,310864,318361,328745,336508,342075,351248,355972,359332,370340,371482";"0";"2022-11-05 21:55:50";
"UZGcm5bPCQUJ4cbsvadTHqvrah6";"eDkWqGjhRCmQMcCB5m27Jw";"Pr1nglz.";;"12";"2";"124";"376594";"11928,22432,30135,35645,44807,49618,55275,66602,67908,75672,86128,93758,99355,108315,113075,116575,127824,129051,136765,147282,155215,160975,170065,174802,178065,189270,190510,198405,208768,216595,222175,231247,235942,239212,251188,252448,261308,271712,279445,285042,293993,299025,302398,313815,315054,322695,333465,341362,347128,356192,360908,364325,375462,376594";"0";"2022-11-05 21:55:50";
"UZGcm5bPCQUJ4cbsvadTHqvrah6";"bn2GhrXxSEOlFgESUCZ7tw";"Eria.TM";;"13";"2";"123";"376778";"11812,22122,29705,35298,44158,48972,52365,63643,64884,72265,83328,91012,96768,106948,111875,115275,126472,127685,135225,145535,153818,159478,168581,173318,176692,187930,189127,196492,206732,218068,223778,232895,237865,241312,252532,253740,261185,271438,278952,284461,295315,300182,303595,314792,316083,323538,333792,341692,347368,356388,361108,364498,375654,376778";"0";"2022-11-05 21:55:50";
"UZGcm5bPCQUJ4cbsvadTHqvrah6";"sjtId3fEQGS73R-U0IEC9g";"Jaakaah";;"14";"2";"122";"377345";"11961,22448,30002,35702,44780,49455,53168,64182,65304,73081,83619,92310,97892,107210,111765,115162,126217,127362,134948,145322,153058,158731,173208,178192,181512,192684,193841,201568,211985,219428,224915,234201,239005,242288,253345,254518,262172,272758,280302,286169,296188,300942,304378,315290,316448,324092,334548,342178,347781,356911,361725,365062,376230,377345";"0";"2022-11-05 21:55:50";
"UZGcm5bPCQUJ4cbsvadTHqvrah6";"9pgM1HfOQEW8cyXmiZfZEQ";"Evo.DC";;"15";"2";"121";"377831";"11935,22405,30155,35828,44775,49535,52945,67841,69018,76748,87318,95065,100762,110002,114872,118392,130694,131872,139765,150232,161265,166875,175742,180475,183905,194873,195997,203622,213932,221475,227048,235903,240808,244245,255102,256282,263918,274308,281945,287688,296687,301462,304828,315755,316957,324458,334802,342398,348022,356932,362108,365692,376730,377831";"0";"2022-11-05 21:55:50";
"UZGcm5bPCQUJ4cbsvadTHqvrah6";"v2s1_QsGTOSJHnw03CFEkQ";"nekojimTM";;"16";"2";"120";"377848";"11785,22148,29742,35395,44694,49532,52812,64163,65338,72857,83248,90898,96625,105682,110482,113848,126001,127248,134778,145268,152945,158538,167648,172458,175848,187125,188618,196635,206898,214710,220235,229361,234118,237442,248518,249734,257108,270962,278612,284258,293295,298118,301512,312668,313932,321478,331878,339512,345185,354347,359245,362638,376695,377848";"0";"2022-11-05 21:55:50";
"UZGcm5bPCQUJ4cbsvadTHqvrah6";"lDJF5swBQOyA-Xe7LLtZFA";"HeavTM";;"17";"2";"44";"378008";"11818,22155,29778,35348,44168,48878,52262,63144,64291,71835,82145,89662,101805,110867,115658,119058,130287,131435,138932,149362,157012,162618,171563,176385,179852,191082,192288,199692,209908,217498,223028,232014,241908,245362,256298,257425,264832,275128,282755,288332,297964,302832,306305,317248,318378,325988,336095,343632,349235,358155,362922,366228,376991,378008";"0";"2022-11-05 21:55:50";
"UZGcm5bPCQUJ4cbsvadTHqvrah6";"5Uzub-UqTLS_o8sZAXogFQ";"JaffaPadawan";;"18";"2";"43";"380796";"11845,22348,29952,35472,45052,49948,53322,75581,76855,84392,94845,102355,107895,116875,121702,125098,136192,137448,145051,155465,162868,168632,177745,182572,186125,197648,198895,206528,216982,224815,230338,239342,244015,247388,258685,259964,267554,277712,285295,290821,299815,304522,307752,318972,320307,328038,338162,345788,351392,360314,365112,368502,379841,380796";"0";"2022-11-05 21:55:50";
"UZGcm5bPCQUJ4cbsvadTHqvrah6";"i6W8MyPFQp6AWLcFKoZx1w";"Monkey.TM";;"19";"2";"42";"381822";"11775,22254,30598,36331,45231,49955,53405,64335,65492,72928,84285,92025,97688,106658,111498,114912,125895,127112,134574,145025,152442,158065,167376,172385,175735,186576,187784,195555,205822,213465,219148,238402,243122,246518,257658,258883,266361,276605,284152,289798,298771,303515,306925,317742,318930,326391,336722,344148,349702,358808,363588,366988,380733,381822";"0";"2022-11-05 21:55:50";
"UZGcm5bPCQUJ4cbsvadTHqvrah6";"duzYCzPgSsCSPOosBZJu6w";"DankTM";;"20";"2";"41";"382398";"11835,22098,29698,35345,44481,49208,52695,63716,64832,72282,82622,90312,102514,111728,116482,119922,130911,132085,139668,154109,162615,168298,177278,182102,185462,196394,197538,205018,215618,223252,228904,238138,242858,246448,257428,258535,266872,278328,286068,291685,300612,305272,308732,319898,321014,328742,339148,346715,352275,361835,366902,370448,381284,382398";"0";"2022-11-05 21:55:50";
"UZGcm5bPCQUJ4cbsvadTHqvrah6";"_KRQeGumT9S8tjKacsvKBQ";"Speedself";;"21";"2";"40";"384965";"11825,22032,29685,35222,44250,49118,56098,67350,68548,75948,86198,93808,99502,108448,118682,122058,133302,134448,141844,152109,160578,166331,175352,180168,183628,194657,195822,203178,213395,220922,226588,241318,246062,249619,262963,264228,271651,281762,289292,294872,304047,308778,312228,323368,324633,332318,342698,350168,355715,364663,369418,372772,383923,384965";"0";"2022-11-05 21:55:50";
"UZGcm5bPCQUJ4cbsvadTHqvrah6";"NLv5BmoyQJyW3FE3Rsf5Yg";"seraf_.";;"22";"2";"39";"386742";"11992,22415,39722,45595,55203,60258,63708,76028,77242,84835,95125,105319,112624,122245,126998,130398,141535,142723,150361,160748,168402,174005,183002,187792,191182,202218,203395,210718,221112,228695,234324,244235,248955,252258,263033,264207,271725,281992,289685,295288,304378,309998,313605,325435,326732,334148,344322,352108,357795,366734,371528,374982,385658,386742";"0";"2022-11-05 21:55:50";
"UZGcm5bPCQUJ4cbsvadTHqvrah6";"HvnBY5wLT8WpZpz5prn0Xg";"CUPaCAT_TM";;"23";"2";"38";"388348";"11945,23215,30988,36418,45462,50235,53615,65488,66760,74405,84980,94858,100588,109643,114438,117722,129102,130222,138032,148672,156850,161898,170724,176853,181559,193275,194421,202220,212808,220398,226000,234978,239795,243178,256430,257558,265252,275992,283732,295808,305064,309865,313312,325644,326835,334454,345412,353122,358788,368008,372762,376222,387335,388348";"0";"2022-11-05 21:55:50";
"UZGcm5bPCQUJ4cbsvadTHqvrah6";"7AJp1S0ZQeupMQG4oRwnhA";"RandomTM-";;"24";"2";"37";"389824";"11992,22572,30388,36135,45684,50512,53792,65117,66415,74001,84432,92198,97948,107525,117725,121238,132605,133786,141522,151685,159318,164888,174513,179518,182975,194160,195335,202992,213372,221328,227004,236282,241172,244538,255590,256712,264335,274725,284738,290502,305730,310525,313842,325180,326348,334268,344638,352402,358025,368031,372748,376092,388674,389824";"0";"2022-11-05 21:55:50";
"UZGcm5bPCQUJ4cbsvadTHqvrah6";"4vEKfNi8RIS0nt_i7D-6Lw";"LXXXX..";;"25";"2";"36";"-1";;"0";"2022-11-05 21:55:50";
"UZGcm5bPCQUJ4cbsvadTHqvrah6";"sLFc3NnzTASVD6JDVqRCrQ";"nor_mu";;"26";"2";"35";"-1";;"0";"2022-11-05 21:55:50";
"UZGcm5bPCQUJ4cbsvadTHqvrah6";"2_K-XAMoRUGUMVWtUygEEA";"Seanywolf";;"27";"2";"34";"-1";;"0";"2022-11-05 21:55:50";
"UZGcm5bPCQUJ4cbsvadTHqvrah6";"Cku-HEVwSQOU6NAQhx3fAA";"Tiger.TM";;"28";"2";"33";"-1";;"0";"2022-11-05 21:55:50";
"UZGcm5bPCQUJ4cbsvadTHqvrah6";"YorqTxTJSUOLlz3sSi-Whg";"BanZ_TM";;"29";"2";"32";"-1";;"0";"2022-11-05 21:55:50";
"UZGcm5bPCQUJ4cbsvadTHqvrah6";"-1JWHoY_Say7NBI1ExhS8w";"andre.tm";;"30";"2";"31";"-1";;"0";"2022-11-05 21:55:50";
"UZGcm5bPCQUJ4cbsvadTHqvrah6";"NqRHMRkkQouv_26tRkW6QQ";"AgentWhiskeyy";;"31";"2";"30";"-1";;"0";"2022-11-05 21:55:50";
"UZGcm5bPCQUJ4cbsvadTHqvrah6";"PXFSTZItR1Wfmoa9k87b-Q";"Intax";;"32";"2";"29";"-1";;"0";"2022-11-05 21:55:50";
"UZGcm5bPCQUJ4cbsvadTHqvrah6";"pRKvzOUWS0iUyFNKi27nQQ";"GibbonsterTM";;"33";"2";"28";"-1";;"0";"2022-11-05 21:55:50";
"UZGcm5bPCQUJ4cbsvadTHqvrah6";"g_pHUMO0QvWc_6flTfUF8w";"Babzify";;"34";"2";"27";"-1";;"0";"2022-11-05 21:55:50";
"UZGcm5bPCQUJ4cbsvadTHqvrah6";"cuUfpj2YRf2T-nu2gWJUdg";"Dantski";;"35";"2";"26";"-1";;"0";"2022-11-05 21:55:50";
"UZGcm5bPCQUJ4cbsvadTHqvrah6";"lVsoxs1ZR5aAYBKMZhKLnw";"Thomas_Jean";;"36";"2";"25";"-1";;"0";"2022-11-05 21:55:50";
"UZGcm5bPCQUJ4cbsvadTHqvrah6";"wtUZFqn-T3afU01AMnqV9Q";"LasedTM";;"37";"2";"24";"-1";;"0";"2022-11-05 21:55:50";
"UZGcm5bPCQUJ4cbsvadTHqvrah6";"lyY9GN__RQSzdvUBipKvMw";"squikeay.wp";;"38";"2";"23";"-1";;"0";"2022-11-05 21:55:50";
"UZGcm5bPCQUJ4cbsvadTHqvrah6";"khnMZGPsTP6IkKQjkJPnHA";"Trunoob.TM";;"39";"2";"22";"-1";;"0";"2022-11-05 21:55:50";
"UZGcm5bPCQUJ4cbsvadTHqvrah6";"WgLXYR2eR1e8L400cbjvOA";"Piadith";;"40";"2";"21";"-1";;"0";"2022-11-05 21:55:50";
"UZGcm5bPCQUJ4cbsvadTHqvrah6";"2HxWwCaLRMy_ybI5oeFa0w";"eLconn13";;"41";"2";"20";"-1";;"0";"2022-11-05 21:55:50";
"UZGcm5bPCQUJ4cbsvadTHqvrah6";"7VeNdCHaTYWrce5EYn7Ckw";"SilentSamTM";;"42";"2";"19";"-1";;"0";"2022-11-05 21:55:50";
"UZGcm5bPCQUJ4cbsvadTHqvrah6";"NQk_IyQpRPaT2VWLQoRMvw";"WolfpuppyTM";;"43";"2";"18";"-1";;"0";"2022-11-05 21:55:50";
"UZGcm5bPCQUJ4cbsvadTHqvrah6";"AoteWwKqTyGdtYnzu6R0Sw";"OC1895";;"44";"2";"17";"-1";;"0";"2022-11-05 21:55:50";
"UZGcm5bPCQUJ4cbsvadTHqvrah6";"Qfq-zLFXR8aqb-Kb6Nmz_Q";"Ceenis";;"45";"2";"16";"-1";;"0";"2022-11-05 21:55:50";
"UZGcm5bPCQUJ4cbsvadTHqvrah6";"24J8RGtsRzeTnX96aq4sSw";"PASZS";;"46";"2";"15";"-1";;"0";"2022-11-05 21:55:50";
"UZGcm5bPCQUJ4cbsvadTHqvrah6";"qEkJ-aoiRTee7naYK0b2qA";"cthn490";;"47";"2";"14";"-1";;"0";"2022-11-05 21:55:50";
"UZGcm5bPCQUJ4cbsvadTHqvrah6";"FcCDgMS2Rc6xOFof-amksg";"Demon_Dragon";;"48";"2";"13";"-1";;"0";"2022-11-05 21:55:50";
"UZGcm5bPCQUJ4cbsvadTHqvrah6";"bjvz-X3LR9S9rgN6tmYo8g";"RandomizeTM";;"49";"2";"12";"-1";;"0";"2022-11-05 21:55:50";
"UZGcm5bPCQUJ4cbsvadTHqvrah6";"GFhrWjPgR0u0GV5Q1sUn1g";"Orihkeks";;"50";"2";"11";"-1";;"0";"2022-11-05 21:55:50";
"UZGcm5bPCQUJ4cbsvadTHqvrah6";"DT7p1y-xSnqFuRNL3j-N4w";"BraeburnTM";;"51";"2";"10";"-1";;"0";"2022-11-05 21:55:50";
"UZGcm5bPCQUJ4cbsvadTHqvrah6";"sows1g2nTn-OwdZdHTXdDQ";"nyigel.";;"52";"2";"9";"-1";;"0";"2022-11-05 21:55:50";
"UZGcm5bPCQUJ4cbsvadTHqvrah6";"Lxt6gA8uQCqket_7gfgAlw";"erq66";;"53";"2";"8";"-1";;"0";"2022-11-05 21:55:50";
"UZGcm5bPCQUJ4cbsvadTHqvrah6";"nFOuZHqNSPi1luAJ1XvVfw";"not7_Harry";;"54";"2";"7";"-1";;"0";"2022-11-05 21:55:50";
"UZGcm5bPCQUJ4cbsvadTHqvrah6";"tbzksW00QtqhdDsI4uPxpQ";"CapnDriz";;"55";"2";"6";"-1";;"0";"2022-11-05 21:55:50";
"UZGcm5bPCQUJ4cbsvadTHqvrah6";"lyAD7WvBTbqPmpv3f916ow";"Davisssimo";;"56";"2";"5";"-1";;"0";"2022-11-05 21:55:50";
"UZGcm5bPCQUJ4cbsvadTHqvrah6";"W-I0PnAJS4uG49LafKKe9g";"N7xyz";;"57";"2";"4";"-1";;"0";"2022-11-05 21:55:50";
"UZGcm5bPCQUJ4cbsvadTHqvrah6";"zIlQ8PbTRdytK83hIYqDmQ";"Stoxenbawns";;"58";"2";"3";"-1";;"0";"2022-11-05 21:55:50";
"UZGcm5bPCQUJ4cbsvadTHqvrah6";"0V7XXr-pS4yNx95XkP5DeA";"TehPurzi";;"59";"2";"2";"-1";;"0";"2022-11-05 21:55:50";
"UZGcm5bPCQUJ4cbsvadTHqvrah6";"z2ch065DS2iffzEsX7FdMg";"Z0RQ";;"60";"2";"1";"-1";;"0";"2022-11-05 21:55:50";
"UZGcm5bPCQUJ4cbsvadTHqvrah6";"6Abda-1SRUC6eAr41ayEbQ";"A_-B_-C-_D_-E_-";;"61";"2";"0";"-1";;"0";"2022-11-05 21:55:50";
"UZGcm5bPCQUJ4cbsvadTHqvrah6";"DgqrDyzPSmC6YhoXt7cm5A";"GrayBuddha";;"62";"2";"0";"-1";;"0";"2022-11-05 21:55:50";
"UZGcm5bPCQUJ4cbsvadTHqvrah6";"CL8x_DNxQTCdUyj_jiPO-g";"KilorAnus";;"63";"2";"0";"-1";;"0";"2022-11-05 21:55:50";
"UZGcm5bPCQUJ4cbsvadTHqvrah6";"Cxw7rxKgQP-MzfwZp0yFbg";"NeoShico";;"64";"2";"0";"-1";;"0";"2022-11-05 21:55:50";
"UZGcm5bPCQUJ4cbsvadTHqvrah6";"lQGi1E9QQXqBO3gFYkpRzw";"RacingKitt";;"65";"2";"0";"-1";;"0";"2022-11-05 21:55:50";
"UZGcm5bPCQUJ4cbsvadTHqvrah6";"7UsHc7KYS9u4hoOcJ2AgIA";"Saroua";;"66";"2";"0";"-1";;"0";"2022-11-05 21:55:50";
"UZGcm5bPCQUJ4cbsvadTHqvrah6";"2tuvKOe1Qpu_N4yMFBn89A";"That_Ski_Freak";;"67";"2";"0";"-1";;"0";"2022-11-05 21:55:50";
"UZGcm5bPCQUJ4cbsvadTHqvrah6";"yyLf8wwYT3uzAE3AtX5CfQ";"Xreapes";;"68";"2";"0";"-1";;"0";"2022-11-05 21:55:50";
"UZGcm5bPCQUJ4cbsvadTHqvrah6";"cBqYXv-0RKyFiJWyCkz1fg";"maggi323";;"69";"2";"0";"-1";;"0";"2022-11-05 21:55:50";
"UZGcm5bPCQUJ4cbsvadTHqvrah6";"CsjRwusHTiKU5Vp89LBSXw";"mirs1991";;"70";"2";"0";"-1";;"0";"2022-11-05 21:55:50";
"UZGcm5bPCQUJ4cbsvadTHqvrah6";"--FAI4-AQmmwI0nr3r0QIg";"ovmovm";;"71";"2";"0";"-1";;"0";"2022-11-05 21:55:50";
"UZGcm5bPCQUJ4cbsvadTHqvrah6";"tIbPZcW-Tv-Tnk2dG-HprA";"s7_nitro";;"72";"2";"0";"-1";;"0";"2022-11-05 21:55:50";
"UZGcm5bPCQUJ4cbsvadTHqvrah6";"-hpyyytgSIKKGuoJt24IMw";"skratcher2013";;"73";"2";"0";"-1";;"0";"2022-11-05 21:55:50";
"UZGcm5bPCQUJ4cbsvadTHqvrah6";"18AkUnMzSd-KMUz5MkdQBw";"sophie.ice";;"74";"2";"0";"-1";;"0";"2022-11-05 21:55:50";
"UZGcm5bPCQUJ4cbsvadTHqvrah6";"8hOxAJGpTVqRXb0cMbezbw";"Noiza.";;"1";"3";"139";"360595";"11724,22038,29578,35258,44112,48735,52072,62777,63912,71205,81462,88898,94428,103276,107918,111228,122114,123305,130582,140708,148155,153678,162507,167128,170455,181292,182448,189775,199898,207338,212881,221777,226442,229725,240558,241705,249012,259135,266542,272075,281025,285708,289038,300368,301582,308898,319055,326452,332005,340875,345512,348848,359633,360595";"0";"2022-11-05 22:03:56";
"UZGcm5bPCQUJ4cbsvadTHqvrah6";"pGFZWSzLQmSN4RCM_OQlhQ";"Acide.";;"2";"3";"138";"364728";"11898,22262,29678,35238,44112,48805,52212,63078,64228,71542,81788,89398,94975,103855,108595,111935,122760,123925,131368,141555,149042,154572,163603,169238,172682,183554,184753,192248,202552,210072,215578,224460,229142,232508,243332,244501,252095,262405,270052,275585,284703,289415,292678,303830,305091,312515,322785,330262,335858,344732,349445,352825,363741,364728";"0";"2022-11-05 22:03:56";
"UZGcm5bPCQUJ4cbsvadTHqvrah6";"tJhFwq1BQqOiJK-Tk35LTQ";"Acrose17";;"3";"3";"137";"365152";"11845,22085,29655,35305,44238,48882,52192,63111,64302,71685,81798,89325,95141,104132,108872,112215,123090,124272,131675,142075,149702,155302,164323,169132,173292,184274,185425,192918,203072,210638,216248,225178,229922,233422,244301,245518,252992,263265,270708,276305,285296,290045,293422,304370,305498,312822,323002,330548,336148,345154,349855,353198,364113,365152";"0";"2022-11-05 22:03:56";
"UZGcm5bPCQUJ4cbsvadTHqvrah6";"i8p8gYa5TMapnIvmvYflHA";"Walegen";;"4";"3";"136";"365559";"11711,21985,29602,35198,44148,49008,52342,63268,64394,72182,82378,89922,95465,104392,109202,112542,123397,124591,132398,142545,150062,155594,164748,169478,172865,183685,184812,192295,202542,210008,215608,224472,229188,232555,243301,244440,251715,262038,269602,275265,284244,288972,292315,303087,304218,311575,322258,329828,336185,345093,350135,353475,364448,365559";"0";"2022-11-05 22:03:56";
"UZGcm5bPCQUJ4cbsvadTHqvrah6";"1G-0XdQiR8mXhWcnCjEeJQ";"eLconn21";;"5";"3";"135";"365688";"11742,21825,29282,34795,43621,48385,51695,62345,63444,70905,81088,88538,93995,102921,107615,110945,121772,122898,130405,140628,148178,153712,162592,167332,170618,181376,182518,190112,200442,207912,213485,223878,228635,232032,243794,244971,252555,262745,270108,275698,284553,289285,292598,304242,305431,312792,322945,330318,335868,344625,349308,352638,364665,365688";"0";"2022-11-05 22:03:56";
"UZGcm5bPCQUJ4cbsvadTHqvrah6";"rijOh4tvTAW97AcPxIgfcA";"Nayko.TM";;"6";"3";"134";"365918";"11794,21958,29382,35095,43992,48768,52138,63021,64155,71802,82198,89785,95385,104290,109215,112675,123522,124738,132162,142672,150852,156755,165807,170665,173945,184884,186085,193422,203455,211155,217382,226298,231125,234452,245483,246608,254068,264158,271645,277202,286088,290928,294358,305251,306408,313785,324002,331532,337172,346045,350862,354175,364897,365918";"0";"2022-11-05 22:03:56";
"UZGcm5bPCQUJ4cbsvadTHqvrah6";"-zEiJKBRQlCQhShsZcS7rA";"bozbez";;"7";"3";"133";"365953";"12455,23708,31268,36818,45652,50315,53682,64581,65732,73128,83335,90762,96344,105308,109962,113462,124648,125860,133142,143278,150788,156298,165231,169895,173255,184127,185314,192684,202858,210408,215934,225141,230105,233492,244226,245401,252962,263168,270678,276479,286965,291655,294938,305785,306942,314174,324268,331695,337272,346328,351012,354308,365021,365953";"0";"2022-11-05 22:03:56";
"UZGcm5bPCQUJ4cbsvadTHqvrah6";"eUoobETZQnaDzkMcunurdA";"F9.Marius89";;"8";"3";"132";"366203";"11781,22075,30138,35735,44848,49612,53078,64075,65255,72958,83202,90875,96512,105464,110238,113565,124665,125877,133234,143425,150975,156578,165551,170422,173915,184828,186082,193468,203738,211195,216861,225808,230702,234075,245208,246418,253802,264208,271685,277225,286155,290855,294265,305261,306442,313882,324008,331488,337118,346211,351008,354332,365212,366203";"0";"2022-11-05 22:03:56";
"UZGcm5bPCQUJ4cbsvadTHqvrah6";"KzrTzeAuRZyNFLNtRsLi_Q";"P3kingente";;"9";"3";"52";"366565";"11845,22095,29715,35248,44455,49182,52485,63371,64538,71902,82182,89835,95448,104402,109138,113012,123984,125190,132668,144035,151652,157174,166208,170902,174395,185263,186412,193898,204038,211535,217038,226043,230742,234082,244833,245978,253388,263755,271325,276785,285854,290565,293952,304736,305921,313411,323635,331108,336812,345897,350895,354305,365422,366565";"0";"2022-11-05 22:03:56";
"UZGcm5bPCQUJ4cbsvadTHqvrah6";"zdXECAYCS6WwEF51TiXL5A";"xephyr.chris";;"10";"3";"51";"367502";"11935,22122,29758,35462,44594,49312,52705,63632,64804,72342,82552,90138,95732,104888,109748,113162,124274,125438,133002,143312,151038,156625,165750,170458,173748,184967,186158,193611,203908,211772,217342,226354,231018,234488,245936,247128,254655,264822,272435,277992,287005,291702,295052,305820,306988,314701,325022,332718,338328,347532,352158,355668,366514,367502";"0";"2022-11-05 22:03:56";
"UZGcm5bPCQUJ4cbsvadTHqvrah6";"bn2GhrXxSEOlFgESUCZ7tw";"Eria.TM";;"11";"3";"50";"368231";"11731,22072,29782,35422,44444,49318,52712,63934,65142,72632,82788,90385,95935,104987,109688,113085,123938,125102,132578,142752,150952,156592,165782,170678,174132,185191,186458,193895,204172,211722,217304,226325,231208,235042,245918,247147,254548,264705,272208,277722,286648,291362,294785,305557,306755,315965,326242,333882,339428,348231,352945,356312,367273,368231";"0";"2022-11-05 22:03:56";
"UZGcm5bPCQUJ4cbsvadTHqvrah6";"afsvjiq_StuQ2fP1ExHOaQ";"Dam_Pouleto";;"12";"3";"49";"372668";"11895,22305,29885,35468,44387,49155,52475,63207,64401,71822,82222,89778,95462,104418,109182,112535,123427,124591,132245,143548,151328,157052,166045,171524,175728,186660,187885,195338,205592,213228,218848,227798,232522,235815,246653,247887,259308,270442,277965,283502,292337,297065,300445,311518,312757,320245,330565,338235,343815,352738,357515,360955,371662,372668";"0";"2022-11-05 22:03:56";
"UZGcm5bPCQUJ4cbsvadTHqvrah6";"v2s1_QsGTOSJHnw03CFEkQ";"nekojimTM";;"13";"3";"48";"379273";"12045,22628,30265,35775,44793,49552,52865,63788,64961,72495,83002,90788,99808,109261,114022,117358,128395,129623,137125,148435,156312,161968,171294,180698,184055,194968,196182,203572,214028,221742,227308,236226,240922,244302,255167,256388,263848,274005,281528,287098,296025,300788,306695,317732,318905,326325,336438,343942,349525,358535,363342,366612,377772,379273";"0";"2022-11-05 22:03:56";
"UZGcm5bPCQUJ4cbsvadTHqvrah6";"9pgM1HfOQEW8cyXmiZfZEQ";"Evo.DC";;"14";"3";"47";"-1";;"0";"2022-11-05 22:03:56";
"UZGcm5bPCQUJ4cbsvadTHqvrah6";"eDkWqGjhRCmQMcCB5m27Jw";"Pr1nglz.";;"15";"3";"46";"-1";;"0";"2022-11-05 22:03:56";
"UZGcm5bPCQUJ4cbsvadTHqvrah6";"sjtId3fEQGS73R-U0IEC9g";"Jaakaah";;"16";"3";"45";"-1";;"0";"2022-11-05 22:03:56";
"UZGcm5bPCQUJ4cbsvadTHqvrah6";"lDJF5swBQOyA-Xe7LLtZFA";"HeavTM";;"17";"3";"44";"-1";;"0";"2022-11-05 22:03:56";
"UZGcm5bPCQUJ4cbsvadTHqvrah6";"5Uzub-UqTLS_o8sZAXogFQ";"JaffaPadawan";;"18";"3";"43";"-1";;"0";"2022-11-05 22:03:56";
"UZGcm5bPCQUJ4cbsvadTHqvrah6";"i6W8MyPFQp6AWLcFKoZx1w";"Monkey.TM";;"19";"3";"42";"-1";;"0";"2022-11-05 22:03:56";
"UZGcm5bPCQUJ4cbsvadTHqvrah6";"duzYCzPgSsCSPOosBZJu6w";"DankTM";;"20";"3";"41";"-1";;"0";"2022-11-05 22:03:56";
"UZGcm5bPCQUJ4cbsvadTHqvrah6";"_KRQeGumT9S8tjKacsvKBQ";"Speedself";;"21";"3";"40";"-1";;"0";"2022-11-05 22:03:56";
"UZGcm5bPCQUJ4cbsvadTHqvrah6";"NLv5BmoyQJyW3FE3Rsf5Yg";"seraf_.";;"22";"3";"39";"-1";;"0";"2022-11-05 22:03:56";
"UZGcm5bPCQUJ4cbsvadTHqvrah6";"HvnBY5wLT8WpZpz5prn0Xg";"CUPaCAT_TM";;"23";"3";"38";"-1";;"0";"2022-11-05 22:03:56";
"UZGcm5bPCQUJ4cbsvadTHqvrah6";"7AJp1S0ZQeupMQG4oRwnhA";"RandomTM-";;"24";"3";"37";"-1";;"0";"2022-11-05 22:03:56";
"UZGcm5bPCQUJ4cbsvadTHqvrah6";"4vEKfNi8RIS0nt_i7D-6Lw";"LXXXX..";;"25";"3";"36";"-1";;"0";"2022-11-05 22:03:56";
"UZGcm5bPCQUJ4cbsvadTHqvrah6";"sLFc3NnzTASVD6JDVqRCrQ";"nor_mu";;"26";"3";"35";"-1";;"0";"2022-11-05 22:03:56";
"UZGcm5bPCQUJ4cbsvadTHqvrah6";"2_K-XAMoRUGUMVWtUygEEA";"Seanywolf";;"27";"3";"34";"-1";;"0";"2022-11-05 22:03:56";
"UZGcm5bPCQUJ4cbsvadTHqvrah6";"Cku-HEVwSQOU6NAQhx3fAA";"Tiger.TM";;"28";"3";"33";"-1";;"0";"2022-11-05 22:03:56";
"UZGcm5bPCQUJ4cbsvadTHqvrah6";"YorqTxTJSUOLlz3sSi-Whg";"BanZ_TM";;"29";"3";"32";"-1";;"0";"2022-11-05 22:03:56";
"UZGcm5bPCQUJ4cbsvadTHqvrah6";"-1JWHoY_Say7NBI1ExhS8w";"andre.tm";;"30";"3";"31";"-1";;"0";"2022-11-05 22:03:56";
"UZGcm5bPCQUJ4cbsvadTHqvrah6";"NqRHMRkkQouv_26tRkW6QQ";"AgentWhiskeyy";;"31";"3";"30";"-1";;"0";"2022-11-05 22:03:56";
"UZGcm5bPCQUJ4cbsvadTHqvrah6";"PXFSTZItR1Wfmoa9k87b-Q";"Intax";;"32";"3";"29";"-1";;"0";"2022-11-05 22:03:56";
"UZGcm5bPCQUJ4cbsvadTHqvrah6";"pRKvzOUWS0iUyFNKi27nQQ";"GibbonsterTM";;"33";"3";"28";"-1";;"0";"2022-11-05 22:03:56";
"UZGcm5bPCQUJ4cbsvadTHqvrah6";"g_pHUMO0QvWc_6flTfUF8w";"Babzify";;"34";"3";"27";"-1";;"0";"2022-11-05 22:03:56";
"UZGcm5bPCQUJ4cbsvadTHqvrah6";"cuUfpj2YRf2T-nu2gWJUdg";"Dantski";;"35";"3";"26";"-1";;"0";"2022-11-05 22:03:56";
"UZGcm5bPCQUJ4cbsvadTHqvrah6";"lVsoxs1ZR5aAYBKMZhKLnw";"Thomas_Jean";;"36";"3";"25";"-1";;"0";"2022-11-05 22:03:56";
"UZGcm5bPCQUJ4cbsvadTHqvrah6";"wtUZFqn-T3afU01AMnqV9Q";"LasedTM";;"37";"3";"24";"-1";;"0";"2022-11-05 22:03:56";
"UZGcm5bPCQUJ4cbsvadTHqvrah6";"lyY9GN__RQSzdvUBipKvMw";"squikeay.wp";;"38";"3";"23";"-1";;"0";"2022-11-05 22:03:56";
"UZGcm5bPCQUJ4cbsvadTHqvrah6";"khnMZGPsTP6IkKQjkJPnHA";"Trunoob.TM";;"39";"3";"22";"-1";;"0";"2022-11-05 22:03:56";
"UZGcm5bPCQUJ4cbsvadTHqvrah6";"WgLXYR2eR1e8L400cbjvOA";"Piadith";;"40";"3";"21";"-1";;"0";"2022-11-05 22:03:56";
"UZGcm5bPCQUJ4cbsvadTHqvrah6";"2HxWwCaLRMy_ybI5oeFa0w";"eLconn13";;"41";"3";"20";"-1";;"0";"2022-11-05 22:03:56";
"UZGcm5bPCQUJ4cbsvadTHqvrah6";"7VeNdCHaTYWrce5EYn7Ckw";"SilentSamTM";;"42";"3";"19";"-1";;"0";"2022-11-05 22:03:56";
"UZGcm5bPCQUJ4cbsvadTHqvrah6";"NQk_IyQpRPaT2VWLQoRMvw";"WolfpuppyTM";;"43";"3";"18";"-1";;"0";"2022-11-05 22:03:56";
"UZGcm5bPCQUJ4cbsvadTHqvrah6";"AoteWwKqTyGdtYnzu6R0Sw";"OC1895";;"44";"3";"17";"-1";;"0";"2022-11-05 22:03:56";
"UZGcm5bPCQUJ4cbsvadTHqvrah6";"Qfq-zLFXR8aqb-Kb6Nmz_Q";"Ceenis";;"45";"3";"16";"-1";;"0";"2022-11-05 22:03:56";
"UZGcm5bPCQUJ4cbsvadTHqvrah6";"24J8RGtsRzeTnX96aq4sSw";"PASZS";;"46";"3";"15";"-1";;"0";"2022-11-05 22:03:56";
"UZGcm5bPCQUJ4cbsvadTHqvrah6";"qEkJ-aoiRTee7naYK0b2qA";"cthn490";;"47";"3";"14";"-1";;"0";"2022-11-05 22:03:56";
"UZGcm5bPCQUJ4cbsvadTHqvrah6";"FcCDgMS2Rc6xOFof-amksg";"Demon_Dragon";;"48";"3";"13";"-1";;"0";"2022-11-05 22:03:56";
"UZGcm5bPCQUJ4cbsvadTHqvrah6";"bjvz-X3LR9S9rgN6tmYo8g";"RandomizeTM";;"49";"3";"12";"-1";;"0";"2022-11-05 22:03:56";
"UZGcm5bPCQUJ4cbsvadTHqvrah6";"GFhrWjPgR0u0GV5Q1sUn1g";"Orihkeks";;"50";"3";"11";"-1";;"0";"2022-11-05 22:03:56";
"UZGcm5bPCQUJ4cbsvadTHqvrah6";"DT7p1y-xSnqFuRNL3j-N4w";"BraeburnTM";;"51";"3";"10";"-1";;"0";"2022-11-05 22:03:56";
"UZGcm5bPCQUJ4cbsvadTHqvrah6";"sows1g2nTn-OwdZdHTXdDQ";"nyigel.";;"52";"3";"9";"-1";;"0";"2022-11-05 22:03:56";
"UZGcm5bPCQUJ4cbsvadTHqvrah6";"Lxt6gA8uQCqket_7gfgAlw";"erq66";;"53";"3";"8";"-1";;"0";"2022-11-05 22:03:56";
"UZGcm5bPCQUJ4cbsvadTHqvrah6";"nFOuZHqNSPi1luAJ1XvVfw";"not7_Harry";;"54";"3";"7";"-1";;"0";"2022-11-05 22:03:56";
"UZGcm5bPCQUJ4cbsvadTHqvrah6";"tbzksW00QtqhdDsI4uPxpQ";"CapnDriz";;"55";"3";"6";"-1";;"0";"2022-11-05 22:03:56";
"UZGcm5bPCQUJ4cbsvadTHqvrah6";"lyAD7WvBTbqPmpv3f916ow";"Davisssimo";;"56";"3";"5";"-1";;"0";"2022-11-05 22:03:56";
"UZGcm5bPCQUJ4cbsvadTHqvrah6";"W-I0PnAJS4uG49LafKKe9g";"N7xyz";;"57";"3";"4";"-1";;"0";"2022-11-05 22:03:56";
"UZGcm5bPCQUJ4cbsvadTHqvrah6";"zIlQ8PbTRdytK83hIYqDmQ";"Stoxenbawns";;"58";"3";"3";"-1";;"0";"2022-11-05 22:03:56";
"UZGcm5bPCQUJ4cbsvadTHqvrah6";"0V7XXr-pS4yNx95XkP5DeA";"TehPurzi";;"59";"3";"2";"-1";;"0";"2022-11-05 22:03:56";
"UZGcm5bPCQUJ4cbsvadTHqvrah6";"z2ch065DS2iffzEsX7FdMg";"Z0RQ";;"60";"3";"1";"-1";;"0";"2022-11-05 22:03:56";
"UZGcm5bPCQUJ4cbsvadTHqvrah6";"6Abda-1SRUC6eAr41ayEbQ";"A_-B_-C-_D_-E_-";;"61";"3";"0";"-1";;"0";"2022-11-05 22:03:56";
"UZGcm5bPCQUJ4cbsvadTHqvrah6";"H82SihSJRpCtgM1EGwrCNw";"Archidamus12";;"62";"3";"0";"-1";;"0";"2022-11-05 22:03:56";
"UZGcm5bPCQUJ4cbsvadTHqvrah6";"fDtj6VRWTN-cT2EOwwqwaQ";"Farden";;"63";"3";"0";"-1";;"0";"2022-11-05 22:03:56";
"UZGcm5bPCQUJ4cbsvadTHqvrah6";"DgqrDyzPSmC6YhoXt7cm5A";"GrayBuddha";;"64";"3";"0";"-1";;"0";"2022-11-05 22:03:56";
"UZGcm5bPCQUJ4cbsvadTHqvrah6";"TQ0dnJlGRnKDNlQ1mml6yg";"Jsmeenkk";;"65";"3";"0";"-1";;"0";"2022-11-05 22:03:56";
"UZGcm5bPCQUJ4cbsvadTHqvrah6";"CL8x_DNxQTCdUyj_jiPO-g";"KilorAnus";;"66";"3";"0";"-1";;"0";"2022-11-05 22:03:56";
"UZGcm5bPCQUJ4cbsvadTHqvrah6";"8-s84A7DQUqQ79E464nYfA";"Letzter_";;"67";"3";"0";"-1";;"0";"2022-11-05 22:03:56";
"UZGcm5bPCQUJ4cbsvadTHqvrah6";"Cxw7rxKgQP-MzfwZp0yFbg";"NeoShico";;"68";"3";"0";"-1";;"0";"2022-11-05 22:03:56";
"UZGcm5bPCQUJ4cbsvadTHqvrah6";"lQGi1E9QQXqBO3gFYkpRzw";"RacingKitt";;"69";"3";"0";"-1";;"0";"2022-11-05 22:03:56";
"UZGcm5bPCQUJ4cbsvadTHqvrah6";"7UsHc7KYS9u4hoOcJ2AgIA";"Saroua";;"70";"3";"0";"-1";;"0";"2022-11-05 22:03:56";
"UZGcm5bPCQUJ4cbsvadTHqvrah6";"2tuvKOe1Qpu_N4yMFBn89A";"That_Ski_Freak";;"71";"3";"0";"-1";;"0";"2022-11-05 22:03:56";
"UZGcm5bPCQUJ4cbsvadTHqvrah6";"yyLf8wwYT3uzAE3AtX5CfQ";"Xreapes";;"72";"3";"0";"-1";;"0";"2022-11-05 22:03:56";
"UZGcm5bPCQUJ4cbsvadTHqvrah6";"cBqYXv-0RKyFiJWyCkz1fg";"maggi323";;"73";"3";"0";"-1";;"0";"2022-11-05 22:03:56";
"UZGcm5bPCQUJ4cbsvadTHqvrah6";"CsjRwusHTiKU5Vp89LBSXw";"mirs1991";;"74";"3";"0";"-1";;"0";"2022-11-05 22:03:56";
"UZGcm5bPCQUJ4cbsvadTHqvrah6";"--FAI4-AQmmwI0nr3r0QIg";"ovmovm";;"75";"3";"0";"-1";;"0";"2022-11-05 22:03:56";
"UZGcm5bPCQUJ4cbsvadTHqvrah6";"tIbPZcW-Tv-Tnk2dG-HprA";"s7_nitro";;"76";"3";"0";"-1";;"0";"2022-11-05 22:03:56";
"UZGcm5bPCQUJ4cbsvadTHqvrah6";"-hpyyytgSIKKGuoJt24IMw";"skratcher2013";;"77";"3";"0";"-1";;"0";"2022-11-05 22:03:56";
"UZGcm5bPCQUJ4cbsvadTHqvrah6";"18AkUnMzSd-KMUz5MkdQBw";"sophie.ice";;"78";"3";"0";"-1";;"0";"2022-11-05 22:03:56";
"UZGcm5bPCQUJ4cbsvadTHqvrah6";"8hOxAJGpTVqRXb0cMbezbw";"Noiza.";;"1";"4";"141";"359565";"11658,21788,29172,34698,43472,48068,51438,62298,63484,70705,80802,88232,93825,102647,107265,110548,121354,122538,129922,140092,148062,153588,162438,167045,170355,181374,182554,189844,199875,207302,212802,221635,226235,229542,240431,241572,248808,258948,266392,271925,280740,285332,288672,299385,300572,307805,317832,325258,330848,339677,344368,347752,358571,359565";"0";"2022-11-05 22:10:28";
"UZGcm5bPCQUJ4cbsvadTHqvrah6";"-zEiJKBRQlCQhShsZcS7rA";"bozbez";;"2";"4";"140";"362643";"11782,21888,29342,34878,43794,48485,51828,62612,63744,71255,81315,88748,94302,103195,107878,111255,121987,123124,130645,140882,148312,153852,162815,167592,170962,181891,183038,190342,200462,208088,213711,222557,227225,230535,241206,242358,249668,259752,267208,272775,281715,286365,289665,300460,301582,308982,319135,326612,332158,341890,346568,349922,361678,362643";"0";"2022-11-05 22:10:28";
"UZGcm5bPCQUJ4cbsvadTHqvrah6";"pGFZWSzLQmSN4RCM_OQlhQ";"Acide.";;"3";"4";"139";"362795";"12418,22952,30438,36068,45025,49762,53075,63890,65045,72498,82668,90122,95645,104545,109238,112605,123338,124501,131958,142148,149602,155252,164172,168872,172235,183081,184248,191688,201802,209332,214928,223772,228495,231828,242661,243867,251248,261405,268955,274551,283411,288092,291475,302320,303478,310815,321015,328465,333962,342927,347622,350995,361816,362795";"0";"2022-11-05 22:10:28";
"UZGcm5bPCQUJ4cbsvadTHqvrah6";"tJhFwq1BQqOiJK-Tk35LTQ";"Acrose17";;"4";"4";"138";"363025";"11755,21962,29445,34974,43998,48668,52008,62870,64048,71415,81615,89088,94632,103600,108245,111655,122536,123685,131041,141095,148532,154232,163280,168142,171525,182374,183488,190825,201018,208445,213995,223335,228015,231518,242643,243842,251188,261248,268745,274308,283265,288002,291352,302160,303368,310818,321028,328562,334152,343168,347848,351275,362038,363025";"0";"2022-11-05 22:10:28";
"UZGcm5bPCQUJ4cbsvadTHqvrah6";"1G-0XdQiR8mXhWcnCjEeJQ";"eLconn21";;"5";"4";"56";"363988";"11688,21765,29222,34662,43475,48162,51485,62652,63791,71268,81305,88965,94692,103545,108245,111555,122282,123408,130621,140668,148408,154368,163187,167855,171162,181827,183004,190255,201505,208978,214495,223288,228012,231378,242248,243402,250732,260905,268348,273912,283621,288315,291638,304046,305285,312798,322785,330188,335704,344516,349198,352522,363078,363988";"0";"2022-11-05 22:10:28";
"UZGcm5bPCQUJ4cbsvadTHqvrah6";"eUoobETZQnaDzkMcunurdA";"F9.Marius89";;"6";"4";"55";"376296";"11782,23555,31078,36632,45615,50448,53805,64558,65802,73154,83285,90772,96455,105350,110128,113438,124258,125445,132835,142932,150315,155838,164698,169422,172695,183603,184748,192092,202262,209678,215375,224212,228965,232255,243177,244455,255155,265608,274602,280498,289458,294305,297748,308745,309945,317235,332725,340285,345745,354678,359605,362978,374671,376296";"0";"2022-11-05 22:10:28";
"UZGcm5bPCQUJ4cbsvadTHqvrah6";"rijOh4tvTAW97AcPxIgfcA";"Nayko.TM";;"7";"4";"54";"-1";;"0";"2022-11-05 22:10:28";
"UZGcm5bPCQUJ4cbsvadTHqvrah6";"i8p8gYa5TMapnIvmvYflHA";"Walegen";;"8";"4";"53";"-1";;"0";"2022-11-05 22:10:28";
"UZGcm5bPCQUJ4cbsvadTHqvrah6";"KzrTzeAuRZyNFLNtRsLi_Q";"P3kingente";;"9";"4";"52";"-1";;"0";"2022-11-05 22:10:28";
"UZGcm5bPCQUJ4cbsvadTHqvrah6";"zdXECAYCS6WwEF51TiXL5A";"xephyr.chris";;"10";"4";"51";"-1";;"0";"2022-11-05 22:10:28";
"UZGcm5bPCQUJ4cbsvadTHqvrah6";"bn2GhrXxSEOlFgESUCZ7tw";"Eria.TM";;"11";"4";"50";"-1";;"0";"2022-11-05 22:10:28";
"UZGcm5bPCQUJ4cbsvadTHqvrah6";"afsvjiq_StuQ2fP1ExHOaQ";"Dam_Pouleto";;"12";"4";"49";"-1";;"0";"2022-11-05 22:10:28";
"UZGcm5bPCQUJ4cbsvadTHqvrah6";"v2s1_QsGTOSJHnw03CFEkQ";"nekojimTM";;"13";"4";"48";"-1";;"0";"2022-11-05 22:10:28";
"UZGcm5bPCQUJ4cbsvadTHqvrah6";"9pgM1HfOQEW8cyXmiZfZEQ";"Evo.DC";;"14";"4";"47";"-1";;"0";"2022-11-05 22:10:28";
"UZGcm5bPCQUJ4cbsvadTHqvrah6";"eDkWqGjhRCmQMcCB5m27Jw";"Pr1nglz.";;"15";"4";"46";"-1";;"0";"2022-11-05 22:10:28";
"UZGcm5bPCQUJ4cbsvadTHqvrah6";"sjtId3fEQGS73R-U0IEC9g";"Jaakaah";;"16";"4";"45";"-1";;"0";"2022-11-05 22:10:28";
"UZGcm5bPCQUJ4cbsvadTHqvrah6";"lDJF5swBQOyA-Xe7LLtZFA";"HeavTM";;"17";"4";"44";"-1";;"0";"2022-11-05 22:10:28";
"UZGcm5bPCQUJ4cbsvadTHqvrah6";"5Uzub-UqTLS_o8sZAXogFQ";"JaffaPadawan";;"18";"4";"43";"-1";;"0";"2022-11-05 22:10:28";
"UZGcm5bPCQUJ4cbsvadTHqvrah6";"i6W8MyPFQp6AWLcFKoZx1w";"Monkey.TM";;"19";"4";"42";"-1";;"0";"2022-11-05 22:10:28";
"UZGcm5bPCQUJ4cbsvadTHqvrah6";"duzYCzPgSsCSPOosBZJu6w";"DankTM";;"20";"4";"41";"-1";;"0";"2022-11-05 22:10:28";
"UZGcm5bPCQUJ4cbsvadTHqvrah6";"_KRQeGumT9S8tjKacsvKBQ";"Speedself";;"21";"4";"40";"-1";;"0";"2022-11-05 22:10:28";
"UZGcm5bPCQUJ4cbsvadTHqvrah6";"NLv5BmoyQJyW3FE3Rsf5Yg";"seraf_.";;"22";"4";"39";"-1";;"0";"2022-11-05 22:10:28";
"UZGcm5bPCQUJ4cbsvadTHqvrah6";"HvnBY5wLT8WpZpz5prn0Xg";"CUPaCAT_TM";;"23";"4";"38";"-1";;"0";"2022-11-05 22:10:28";
"UZGcm5bPCQUJ4cbsvadTHqvrah6";"7AJp1S0ZQeupMQG4oRwnhA";"RandomTM-";;"24";"4";"37";"-1";;"0";"2022-11-05 22:10:28";
"UZGcm5bPCQUJ4cbsvadTHqvrah6";"4vEKfNi8RIS0nt_i7D-6Lw";"LXXXX..";;"25";"4";"36";"-1";;"0";"2022-11-05 22:10:28";
"UZGcm5bPCQUJ4cbsvadTHqvrah6";"sLFc3NnzTASVD6JDVqRCrQ";"nor_mu";;"26";"4";"35";"-1";;"0";"2022-11-05 22:10:28";
"UZGcm5bPCQUJ4cbsvadTHqvrah6";"2_K-XAMoRUGUMVWtUygEEA";"Seanywolf";;"27";"4";"34";"-1";;"0";"2022-11-05 22:10:28";
"UZGcm5bPCQUJ4cbsvadTHqvrah6";"Cku-HEVwSQOU6NAQhx3fAA";"Tiger.TM";;"28";"4";"33";"-1";;"0";"2022-11-05 22:10:28";
"UZGcm5bPCQUJ4cbsvadTHqvrah6";"YorqTxTJSUOLlz3sSi-Whg";"BanZ_TM";;"29";"4";"32";"-1";;"0";"2022-11-05 22:10:28";
"UZGcm5bPCQUJ4cbsvadTHqvrah6";"-1JWHoY_Say7NBI1ExhS8w";"andre.tm";;"30";"4";"31";"-1";;"0";"2022-11-05 22:10:28";
"UZGcm5bPCQUJ4cbsvadTHqvrah6";"NqRHMRkkQouv_26tRkW6QQ";"AgentWhiskeyy";;"31";"4";"30";"-1";;"0";"2022-11-05 22:10:28";
"UZGcm5bPCQUJ4cbsvadTHqvrah6";"PXFSTZItR1Wfmoa9k87b-Q";"Intax";;"32";"4";"29";"-1";;"0";"2022-11-05 22:10:28";
"UZGcm5bPCQUJ4cbsvadTHqvrah6";"pRKvzOUWS0iUyFNKi27nQQ";"GibbonsterTM";;"33";"4";"28";"-1";;"0";"2022-11-05 22:10:28";
"UZGcm5bPCQUJ4cbsvadTHqvrah6";"g_pHUMO0QvWc_6flTfUF8w";"Babzify";;"34";"4";"27";"-1";;"0";"2022-11-05 22:10:28";
"UZGcm5bPCQUJ4cbsvadTHqvrah6";"cuUfpj2YRf2T-nu2gWJUdg";"Dantski";;"35";"4";"26";"-1";;"0";"2022-11-05 22:10:28";
"UZGcm5bPCQUJ4cbsvadTHqvrah6";"lVsoxs1ZR5aAYBKMZhKLnw";"Thomas_Jean";;"36";"4";"25";"-1";;"0";"2022-11-05 22:10:28";
"UZGcm5bPCQUJ4cbsvadTHqvrah6";"wtUZFqn-T3afU01AMnqV9Q";"LasedTM";;"37";"4";"24";"-1";;"0";"2022-11-05 22:10:28";
"UZGcm5bPCQUJ4cbsvadTHqvrah6";"lyY9GN__RQSzdvUBipKvMw";"squikeay.wp";;"38";"4";"23";"-1";;"0";"2022-11-05 22:10:28";
"UZGcm5bPCQUJ4cbsvadTHqvrah6";"khnMZGPsTP6IkKQjkJPnHA";"Trunoob.TM";;"39";"4";"22";"-1";;"0";"2022-11-05 22:10:28";
"UZGcm5bPCQUJ4cbsvadTHqvrah6";"WgLXYR2eR1e8L400cbjvOA";"Piadith";;"40";"4";"21";"-1";;"0";"2022-11-05 22:10:28";
"UZGcm5bPCQUJ4cbsvadTHqvrah6";"2HxWwCaLRMy_ybI5oeFa0w";"eLconn13";;"41";"4";"20";"-1";;"0";"2022-11-05 22:10:28";
"UZGcm5bPCQUJ4cbsvadTHqvrah6";"7VeNdCHaTYWrce5EYn7Ckw";"SilentSamTM";;"42";"4";"19";"-1";;"0";"2022-11-05 22:10:28";
"UZGcm5bPCQUJ4cbsvadTHqvrah6";"NQk_IyQpRPaT2VWLQoRMvw";"WolfpuppyTM";;"43";"4";"18";"-1";;"0";"2022-11-05 22:10:28";
"UZGcm5bPCQUJ4cbsvadTHqvrah6";"AoteWwKqTyGdtYnzu6R0Sw";"OC1895";;"44";"4";"17";"-1";;"0";"2022-11-05 22:10:28";
"UZGcm5bPCQUJ4cbsvadTHqvrah6";"Qfq-zLFXR8aqb-Kb6Nmz_Q";"Ceenis";;"45";"4";"16";"-1";;"0";"2022-11-05 22:10:28";
"UZGcm5bPCQUJ4cbsvadTHqvrah6";"24J8RGtsRzeTnX96aq4sSw";"PASZS";;"46";"4";"15";"-1";;"0";"2022-11-05 22:10:28";
"UZGcm5bPCQUJ4cbsvadTHqvrah6";"qEkJ-aoiRTee7naYK0b2qA";"cthn490";;"47";"4";"14";"-1";;"0";"2022-11-05 22:10:28";
"UZGcm5bPCQUJ4cbsvadTHqvrah6";"FcCDgMS2Rc6xOFof-amksg";"Demon_Dragon";;"48";"4";"13";"-1";;"0";"2022-11-05 22:10:28";
"UZGcm5bPCQUJ4cbsvadTHqvrah6";"bjvz-X3LR9S9rgN6tmYo8g";"RandomizeTM";;"49";"4";"12";"-1";;"0";"2022-11-05 22:10:28";
"UZGcm5bPCQUJ4cbsvadTHqvrah6";"GFhrWjPgR0u0GV5Q1sUn1g";"Orihkeks";;"50";"4";"11";"-1";;"0";"2022-11-05 22:10:28";
"UZGcm5bPCQUJ4cbsvadTHqvrah6";"DT7p1y-xSnqFuRNL3j-N4w";"BraeburnTM";;"51";"4";"10";"-1";;"0";"2022-11-05 22:10:28";
"UZGcm5bPCQUJ4cbsvadTHqvrah6";"sows1g2nTn-OwdZdHTXdDQ";"nyigel.";;"52";"4";"9";"-1";;"0";"2022-11-05 22:10:28";
"UZGcm5bPCQUJ4cbsvadTHqvrah6";"Lxt6gA8uQCqket_7gfgAlw";"erq66";;"53";"4";"8";"-1";;"0";"2022-11-05 22:10:28";
"UZGcm5bPCQUJ4cbsvadTHqvrah6";"nFOuZHqNSPi1luAJ1XvVfw";"not7_Harry";;"54";"4";"7";"-1";;"0";"2022-11-05 22:10:28";
"UZGcm5bPCQUJ4cbsvadTHqvrah6";"tbzksW00QtqhdDsI4uPxpQ";"CapnDriz";;"55";"4";"6";"-1";;"0";"2022-11-05 22:10:28";
"UZGcm5bPCQUJ4cbsvadTHqvrah6";"lyAD7WvBTbqPmpv3f916ow";"Davisssimo";;"56";"4";"5";"-1";;"0";"2022-11-05 22:10:28";
"UZGcm5bPCQUJ4cbsvadTHqvrah6";"W-I0PnAJS4uG49LafKKe9g";"N7xyz";;"57";"4";"4";"-1";;"0";"2022-11-05 22:10:28";
"UZGcm5bPCQUJ4cbsvadTHqvrah6";"zIlQ8PbTRdytK83hIYqDmQ";"Stoxenbawns";;"58";"4";"3";"-1";;"0";"2022-11-05 22:10:28";
"UZGcm5bPCQUJ4cbsvadTHqvrah6";"0V7XXr-pS4yNx95XkP5DeA";"TehPurzi";;"59";"4";"2";"-1";;"0";"2022-11-05 22:10:28";
"UZGcm5bPCQUJ4cbsvadTHqvrah6";"z2ch065DS2iffzEsX7FdMg";"Z0RQ";;"60";"4";"1";"-1";;"0";"2022-11-05 22:10:28";
"UZGcm5bPCQUJ4cbsvadTHqvrah6";"6Abda-1SRUC6eAr41ayEbQ";"A_-B_-C-_D_-E_-";;"61";"4";"0";"-1";;"0";"2022-11-05 22:10:28";
"UZGcm5bPCQUJ4cbsvadTHqvrah6";"H82SihSJRpCtgM1EGwrCNw";"Archidamus12";;"62";"4";"0";"-1";;"0";"2022-11-05 22:10:28";
"UZGcm5bPCQUJ4cbsvadTHqvrah6";"fDtj6VRWTN-cT2EOwwqwaQ";"Farden";;"63";"4";"0";"-1";;"0";"2022-11-05 22:10:28";
"UZGcm5bPCQUJ4cbsvadTHqvrah6";"DgqrDyzPSmC6YhoXt7cm5A";"GrayBuddha";;"64";"4";"0";"-1";;"0";"2022-11-05 22:10:28";
"UZGcm5bPCQUJ4cbsvadTHqvrah6";"TQ0dnJlGRnKDNlQ1mml6yg";"Jsmeenkk";;"65";"4";"0";"-1";;"0";"2022-11-05 22:10:28";
"UZGcm5bPCQUJ4cbsvadTHqvrah6";"CL8x_DNxQTCdUyj_jiPO-g";"KilorAnus";;"66";"4";"0";"-1";;"0";"2022-11-05 22:10:28";
"UZGcm5bPCQUJ4cbsvadTHqvrah6";"8-s84A7DQUqQ79E464nYfA";"Letzter_";;"67";"4";"0";"-1";;"0";"2022-11-05 22:10:28";
"UZGcm5bPCQUJ4cbsvadTHqvrah6";"Cxw7rxKgQP-MzfwZp0yFbg";"NeoShico";;"68";"4";"0";"-1";;"0";"2022-11-05 22:10:28";
"UZGcm5bPCQUJ4cbsvadTHqvrah6";"lQGi1E9QQXqBO3gFYkpRzw";"RacingKitt";;"69";"4";"0";"-1";;"0";"2022-11-05 22:10:28";
"UZGcm5bPCQUJ4cbsvadTHqvrah6";"Z-ORN_tARH2uCmLlVMVWig";"RoiJohn";;"70";"4";"0";"-1";;"0";"2022-11-05 22:10:28";
"UZGcm5bPCQUJ4cbsvadTHqvrah6";"7UsHc7KYS9u4hoOcJ2AgIA";"Saroua";;"71";"4";"0";"-1";;"0";"2022-11-05 22:10:28";
"UZGcm5bPCQUJ4cbsvadTHqvrah6";"2tuvKOe1Qpu_N4yMFBn89A";"That_Ski_Freak";;"72";"4";"0";"-1";;"0";"2022-11-05 22:10:28";
"UZGcm5bPCQUJ4cbsvadTHqvrah6";"yyLf8wwYT3uzAE3AtX5CfQ";"Xreapes";;"73";"4";"0";"-1";;"0";"2022-11-05 22:10:28";
"UZGcm5bPCQUJ4cbsvadTHqvrah6";"v82P3CCHRaqVrpXDyXh9rw";"komfona_zyg";;"74";"4";"0";"-1";;"0";"2022-11-05 22:10:28";
"UZGcm5bPCQUJ4cbsvadTHqvrah6";"cBqYXv-0RKyFiJWyCkz1fg";"maggi323";;"75";"4";"0";"-1";;"0";"2022-11-05 22:10:28";
"UZGcm5bPCQUJ4cbsvadTHqvrah6";"CsjRwusHTiKU5Vp89LBSXw";"mirs1991";;"76";"4";"0";"-1";;"0";"2022-11-05 22:10:28";
"UZGcm5bPCQUJ4cbsvadTHqvrah6";"--FAI4-AQmmwI0nr3r0QIg";"ovmovm";;"77";"4";"0";"-1";;"0";"2022-11-05 22:10:28";
"UZGcm5bPCQUJ4cbsvadTHqvrah6";"tIbPZcW-Tv-Tnk2dG-HprA";"s7_nitro";;"78";"4";"0";"-1";;"0";"2022-11-05 22:10:28";
"UZGcm5bPCQUJ4cbsvadTHqvrah6";"-hpyyytgSIKKGuoJt24IMw";"skratcher2013";;"79";"4";"0";"-1";;"0";"2022-11-05 22:10:28";
"UZGcm5bPCQUJ4cbsvadTHqvrah6";"18AkUnMzSd-KMUz5MkdQBw";"sophie.ice";;"80";"4";"0";"-1";;"0";"2022-11-05 22:10:28";
"UZGcm5bPCQUJ4cbsvadTHqvrah6";"8hOxAJGpTVqRXb0cMbezbw";"Noiza.";;"1";"5";"60";"360922";"11705,21892,29382,34888,43755,48412,51755,62625,63812,71208,81358,88792,94265,103108,107705,111142,121855,123018,130365,140488,147965,153725,162604,167422,170768,181492,182632,190024,200085,207478,213102,222258,226925,230165,240968,242168,249442,259662,267368,273018,281801,286402,289755,300760,301941,309158,319268,326725,332301,341178,345928,349312,359945,360922";"0";"2022-11-05 22:18:27";
"UZGcm5bPCQUJ4cbsvadTHqvrah6";"pGFZWSzLQmSN4RCM_OQlhQ";"Acide.";;"2";"5";"59";"362565";"11738,22045,29422,34998,43812,48445,51818,62611,63752,71648,81748,89158,94672,103522,108132,111475,122304,123445,130848,141035,148472,154328,163168,167865,171288,182145,183328,190625,200818,208308,213922,222891,227542,230838,241697,242848,250165,260375,267808,273272,282080,286762,290082,300925,302058,309561,319845,327252,332785,341666,346292,349582,361535,362565";"0";"2022-11-05 22:18:27";
"UZGcm5bPCQUJ4cbsvadTHqvrah6";"-zEiJKBRQlCQhShsZcS7rA";"bozbez";;"3";"5";"58";"363823";"11831,22018,30222,35818,44712,49372,52725,63572,64708,72255,82388,89988,95558,104458,109092,112438,123202,124325,131718,141842,149258,154785,163753,168442,171765,182686,183831,191105,201125,208515,214128,223024,227645,230992,241806,243617,252652,262742,270388,275918,284898,289555,293012,303711,304882,312132,322262,329708,335204,344032,348795,352312,362878,363823";"0";"2022-11-05 22:18:27";
"UZGcm5bPCQUJ4cbsvadTHqvrah6";"tJhFwq1BQqOiJK-Tk35LTQ";"Acrose17";;"4";"5";"57";"366108";"11777,21865,29298,34825,43812,48475,51835,62692,63808,71225,81422,88805,94382,103364,108018,111345,122084,123201,130651,140988,148418,153965,162918,167588,171118,181931,183128,190552,200695,208132,213698,222662,227342,230718,241505,242684,250318,260435,267955,276988,286031,290632,293935,304783,305878,314325,324468,331905,337501,346364,351085,354508,365115,366108";"0";"2022-11-05 22:18:27";
"UZGcm5bPCQUJ4cbsvadTHqvrah6";"1G-0XdQiR8mXhWcnCjEeJQ";"eLconn21";;"5";"5";"56";"-1";;"0";"2022-11-05 22:18:27";
"UZGcm5bPCQUJ4cbsvadTHqvrah6";"eUoobETZQnaDzkMcunurdA";"F9.Marius89";;"6";"5";"55";"-1";;"0";"2022-11-05 22:18:27";
"UZGcm5bPCQUJ4cbsvadTHqvrah6";"rijOh4tvTAW97AcPxIgfcA";"Nayko.TM";;"7";"5";"54";"-1";;"0";"2022-11-05 22:18:27";
"UZGcm5bPCQUJ4cbsvadTHqvrah6";"i8p8gYa5TMapnIvmvYflHA";"Walegen";;"8";"5";"53";"-1";;"0";"2022-11-05 22:18:27";
"UZGcm5bPCQUJ4cbsvadTHqvrah6";"KzrTzeAuRZyNFLNtRsLi_Q";"P3kingente";;"9";"5";"52";"-1";;"0";"2022-11-05 22:18:27";
"UZGcm5bPCQUJ4cbsvadTHqvrah6";"zdXECAYCS6WwEF51TiXL5A";"xephyr.chris";;"10";"5";"51";"-1";;"0";"2022-11-05 22:18:27";
"UZGcm5bPCQUJ4cbsvadTHqvrah6";"bn2GhrXxSEOlFgESUCZ7tw";"Eria.TM";;"11";"5";"50";"-1";;"0";"2022-11-05 22:18:27";
"UZGcm5bPCQUJ4cbsvadTHqvrah6";"afsvjiq_StuQ2fP1ExHOaQ";"Dam_Pouleto";;"12";"5";"49";"-1";;"0";"2022-11-05 22:18:27";
"UZGcm5bPCQUJ4cbsvadTHqvrah6";"v2s1_QsGTOSJHnw03CFEkQ";"nekojimTM";;"13";"5";"48";"-1";;"0";"2022-11-05 22:18:27";
"UZGcm5bPCQUJ4cbsvadTHqvrah6";"9pgM1HfOQEW8cyXmiZfZEQ";"Evo.DC";;"14";"5";"47";"-1";;"0";"2022-11-05 22:18:27";
"UZGcm5bPCQUJ4cbsvadTHqvrah6";"eDkWqGjhRCmQMcCB5m27Jw";"Pr1nglz.";;"15";"5";"46";"-1";;"0";"2022-11-05 22:18:27";
"UZGcm5bPCQUJ4cbsvadTHqvrah6";"sjtId3fEQGS73R-U0IEC9g";"Jaakaah";;"16";"5";"45";"-1";;"0";"2022-11-05 22:18:27";
"UZGcm5bPCQUJ4cbsvadTHqvrah6";"lDJF5swBQOyA-Xe7LLtZFA";"HeavTM";;"17";"5";"44";"-1";;"0";"2022-11-05 22:18:27";
"UZGcm5bPCQUJ4cbsvadTHqvrah6";"5Uzub-UqTLS_o8sZAXogFQ";"JaffaPadawan";;"18";"5";"43";"-1";;"0";"2022-11-05 22:18:27";
"UZGcm5bPCQUJ4cbsvadTHqvrah6";"i6W8MyPFQp6AWLcFKoZx1w";"Monkey.TM";;"19";"5";"42";"-1";;"0";"2022-11-05 22:18:27";
"UZGcm5bPCQUJ4cbsvadTHqvrah6";"duzYCzPgSsCSPOosBZJu6w";"DankTM";;"20";"5";"41";"-1";;"0";"2022-11-05 22:18:27";
"UZGcm5bPCQUJ4cbsvadTHqvrah6";"_KRQeGumT9S8tjKacsvKBQ";"Speedself";;"21";"5";"40";"-1";;"0";"2022-11-05 22:18:27";
"UZGcm5bPCQUJ4cbsvadTHqvrah6";"NLv5BmoyQJyW3FE3Rsf5Yg";"seraf_.";;"22";"5";"39";"-1";;"0";"2022-11-05 22:18:27";
"UZGcm5bPCQUJ4cbsvadTHqvrah6";"HvnBY5wLT8WpZpz5prn0Xg";"CUPaCAT_TM";;"23";"5";"38";"-1";;"0";"2022-11-05 22:18:27";
"UZGcm5bPCQUJ4cbsvadTHqvrah6";"7AJp1S0ZQeupMQG4oRwnhA";"RandomTM-";;"24";"5";"37";"-1";;"0";"2022-11-05 22:18:27";
"UZGcm5bPCQUJ4cbsvadTHqvrah6";"4vEKfNi8RIS0nt_i7D-6Lw";"LXXXX..";;"25";"5";"36";"-1";;"0";"2022-11-05 22:18:27";
"UZGcm5bPCQUJ4cbsvadTHqvrah6";"sLFc3NnzTASVD6JDVqRCrQ";"nor_mu";;"26";"5";"35";"-1";;"0";"2022-11-05 22:18:27";
"UZGcm5bPCQUJ4cbsvadTHqvrah6";"2_K-XAMoRUGUMVWtUygEEA";"Seanywolf";;"27";"5";"34";"-1";;"0";"2022-11-05 22:18:27";
"UZGcm5bPCQUJ4cbsvadTHqvrah6";"Cku-HEVwSQOU6NAQhx3fAA";"Tiger.TM";;"28";"5";"33";"-1";;"0";"2022-11-05 22:18:27";
"UZGcm5bPCQUJ4cbsvadTHqvrah6";"YorqTxTJSUOLlz3sSi-Whg";"BanZ_TM";;"29";"5";"32";"-1";;"0";"2022-11-05 22:18:27";
"UZGcm5bPCQUJ4cbsvadTHqvrah6";"-1JWHoY_Say7NBI1ExhS8w";"andre.tm";;"30";"5";"31";"-1";;"0";"2022-11-05 22:18:27";
"UZGcm5bPCQUJ4cbsvadTHqvrah6";"NqRHMRkkQouv_26tRkW6QQ";"AgentWhiskeyy";;"31";"5";"30";"-1";;"0";"2022-11-05 22:18:27";
"UZGcm5bPCQUJ4cbsvadTHqvrah6";"PXFSTZItR1Wfmoa9k87b-Q";"Intax";;"32";"5";"29";"-1";;"0";"2022-11-05 22:18:27";
"UZGcm5bPCQUJ4cbsvadTHqvrah6";"pRKvzOUWS0iUyFNKi27nQQ";"GibbonsterTM";;"33";"5";"28";"-1";;"0";"2022-11-05 22:18:27";
"UZGcm5bPCQUJ4cbsvadTHqvrah6";"g_pHUMO0QvWc_6flTfUF8w";"Babzify";;"34";"5";"27";"-1";;"0";"2022-11-05 22:18:27";
"UZGcm5bPCQUJ4cbsvadTHqvrah6";"cuUfpj2YRf2T-nu2gWJUdg";"Dantski";;"35";"5";"26";"-1";;"0";"2022-11-05 22:18:27";
"UZGcm5bPCQUJ4cbsvadTHqvrah6";"lVsoxs1ZR5aAYBKMZhKLnw";"Thomas_Jean";;"36";"5";"25";"-1";;"0";"2022-11-05 22:18:27";
"UZGcm5bPCQUJ4cbsvadTHqvrah6";"wtUZFqn-T3afU01AMnqV9Q";"LasedTM";;"37";"5";"24";"-1";;"0";"2022-11-05 22:18:27";
"UZGcm5bPCQUJ4cbsvadTHqvrah6";"lyY9GN__RQSzdvUBipKvMw";"squikeay.wp";;"38";"5";"23";"-1";;"0";"2022-11-05 22:18:27";
"UZGcm5bPCQUJ4cbsvadTHqvrah6";"khnMZGPsTP6IkKQjkJPnHA";"Trunoob.TM";;"39";"5";"22";"-1";;"0";"2022-11-05 22:18:27";
"UZGcm5bPCQUJ4cbsvadTHqvrah6";"WgLXYR2eR1e8L400cbjvOA";"Piadith";;"40";"5";"21";"-1";;"0";"2022-11-05 22:18:27";
"UZGcm5bPCQUJ4cbsvadTHqvrah6";"2HxWwCaLRMy_ybI5oeFa0w";"eLconn13";;"41";"5";"20";"-1";;"0";"2022-11-05 22:18:27";
"UZGcm5bPCQUJ4cbsvadTHqvrah6";"7VeNdCHaTYWrce5EYn7Ckw";"SilentSamTM";;"42";"5";"19";"-1";;"0";"2022-11-05 22:18:27";
"UZGcm5bPCQUJ4cbsvadTHqvrah6";"NQk_IyQpRPaT2VWLQoRMvw";"WolfpuppyTM";;"43";"5";"18";"-1";;"0";"2022-11-05 22:18:27";
"UZGcm5bPCQUJ4cbsvadTHqvrah6";"AoteWwKqTyGdtYnzu6R0Sw";"OC1895";;"44";"5";"17";"-1";;"0";"2022-11-05 22:18:27";
"UZGcm5bPCQUJ4cbsvadTHqvrah6";"Qfq-zLFXR8aqb-Kb6Nmz_Q";"Ceenis";;"45";"5";"16";"-1";;"0";"2022-11-05 22:18:27";
"UZGcm5bPCQUJ4cbsvadTHqvrah6";"24J8RGtsRzeTnX96aq4sSw";"PASZS";;"46";"5";"15";"-1";;"0";"2022-11-05 22:18:27";
"UZGcm5bPCQUJ4cbsvadTHqvrah6";"qEkJ-aoiRTee7naYK0b2qA";"cthn490";;"47";"5";"14";"-1";;"0";"2022-11-05 22:18:27";
"UZGcm5bPCQUJ4cbsvadTHqvrah6";"FcCDgMS2Rc6xOFof-amksg";"Demon_Dragon";;"48";"5";"13";"-1";;"0";"2022-11-05 22:18:27";
"UZGcm5bPCQUJ4cbsvadTHqvrah6";"bjvz-X3LR9S9rgN6tmYo8g";"RandomizeTM";;"49";"5";"12";"-1";;"0";"2022-11-05 22:18:27";
"UZGcm5bPCQUJ4cbsvadTHqvrah6";"GFhrWjPgR0u0GV5Q1sUn1g";"Orihkeks";;"50";"5";"11";"-1";;"0";"2022-11-05 22:18:27";
"UZGcm5bPCQUJ4cbsvadTHqvrah6";"DT7p1y-xSnqFuRNL3j-N4w";"BraeburnTM";;"51";"5";"10";"-1";;"0";"2022-11-05 22:18:27";
"UZGcm5bPCQUJ4cbsvadTHqvrah6";"sows1g2nTn-OwdZdHTXdDQ";"nyigel.";;"52";"5";"9";"-1";;"0";"2022-11-05 22:18:27";
"UZGcm5bPCQUJ4cbsvadTHqvrah6";"Lxt6gA8uQCqket_7gfgAlw";"erq66";;"53";"5";"8";"-1";;"0";"2022-11-05 22:18:27";
"UZGcm5bPCQUJ4cbsvadTHqvrah6";"nFOuZHqNSPi1luAJ1XvVfw";"not7_Harry";;"54";"5";"7";"-1";;"0";"2022-11-05 22:18:27";
"UZGcm5bPCQUJ4cbsvadTHqvrah6";"tbzksW00QtqhdDsI4uPxpQ";"CapnDriz";;"55";"5";"6";"-1";;"0";"2022-11-05 22:18:27";
"UZGcm5bPCQUJ4cbsvadTHqvrah6";"lyAD7WvBTbqPmpv3f916ow";"Davisssimo";;"56";"5";"5";"-1";;"0";"2022-11-05 22:18:27";
"UZGcm5bPCQUJ4cbsvadTHqvrah6";"W-I0PnAJS4uG49LafKKe9g";"N7xyz";;"57";"5";"4";"-1";;"0";"2022-11-05 22:18:27";
"UZGcm5bPCQUJ4cbsvadTHqvrah6";"zIlQ8PbTRdytK83hIYqDmQ";"Stoxenbawns";;"58";"5";"3";"-1";;"0";"2022-11-05 22:18:27";
"UZGcm5bPCQUJ4cbsvadTHqvrah6";"0V7XXr-pS4yNx95XkP5DeA";"TehPurzi";;"59";"5";"2";"-1";;"0";"2022-11-05 22:18:27";
"UZGcm5bPCQUJ4cbsvadTHqvrah6";"z2ch065DS2iffzEsX7FdMg";"Z0RQ";;"60";"5";"1";"-1";;"0";"2022-11-05 22:18:27";
"UZGcm5bPCQUJ4cbsvadTHqvrah6";"6Abda-1SRUC6eAr41ayEbQ";"A_-B_-C-_D_-E_-";;"61";"5";"0";"-1";;"0";"2022-11-05 22:18:27";
"UZGcm5bPCQUJ4cbsvadTHqvrah6";"H82SihSJRpCtgM1EGwrCNw";"Archidamus12";;"62";"5";"0";"-1";;"0";"2022-11-05 22:18:27";
"UZGcm5bPCQUJ4cbsvadTHqvrah6";"fDtj6VRWTN-cT2EOwwqwaQ";"Farden";;"63";"5";"0";"-1";;"0";"2022-11-05 22:18:27";
"UZGcm5bPCQUJ4cbsvadTHqvrah6";"DgqrDyzPSmC6YhoXt7cm5A";"GrayBuddha";;"64";"5";"0";"-1";;"0";"2022-11-05 22:18:27";
"UZGcm5bPCQUJ4cbsvadTHqvrah6";"TQ0dnJlGRnKDNlQ1mml6yg";"Jsmeenkk";;"65";"5";"0";"-1";;"0";"2022-11-05 22:18:27";
"UZGcm5bPCQUJ4cbsvadTHqvrah6";"CL8x_DNxQTCdUyj_jiPO-g";"KilorAnus";;"66";"5";"0";"-1";;"0";"2022-11-05 22:18:27";
"UZGcm5bPCQUJ4cbsvadTHqvrah6";"8-s84A7DQUqQ79E464nYfA";"Letzter_";;"67";"5";"0";"-1";;"0";"2022-11-05 22:18:27";
"UZGcm5bPCQUJ4cbsvadTHqvrah6";"Cxw7rxKgQP-MzfwZp0yFbg";"NeoShico";;"68";"5";"0";"-1";;"0";"2022-11-05 22:18:27";
"UZGcm5bPCQUJ4cbsvadTHqvrah6";"lQGi1E9QQXqBO3gFYkpRzw";"RacingKitt";;"69";"5";"0";"-1";;"0";"2022-11-05 22:18:27";
"UZGcm5bPCQUJ4cbsvadTHqvrah6";"Z-ORN_tARH2uCmLlVMVWig";"RoiJohn";;"70";"5";"0";"-1";;"0";"2022-11-05 22:18:27";
"UZGcm5bPCQUJ4cbsvadTHqvrah6";"7UsHc7KYS9u4hoOcJ2AgIA";"Saroua";;"71";"5";"0";"-1";;"0";"2022-11-05 22:18:27";
"UZGcm5bPCQUJ4cbsvadTHqvrah6";"7F1YdaXpRbu9WtA91SmtOQ";"Tecno1717";;"72";"5";"0";"-1";;"0";"2022-11-05 22:18:27";
"UZGcm5bPCQUJ4cbsvadTHqvrah6";"2tuvKOe1Qpu_N4yMFBn89A";"That_Ski_Freak";;"73";"5";"0";"-1";;"0";"2022-11-05 22:18:27";
"UZGcm5bPCQUJ4cbsvadTHqvrah6";"yyLf8wwYT3uzAE3AtX5CfQ";"Xreapes";;"74";"5";"0";"-1";;"0";"2022-11-05 22:18:27";
"UZGcm5bPCQUJ4cbsvadTHqvrah6";"v82P3CCHRaqVrpXDyXh9rw";"komfona_zyg";;"75";"5";"0";"-1";;"0";"2022-11-05 22:18:27";
"UZGcm5bPCQUJ4cbsvadTHqvrah6";"cBqYXv-0RKyFiJWyCkz1fg";"maggi323";;"76";"5";"0";"-1";;"0";"2022-11-05 22:18:27";
"UZGcm5bPCQUJ4cbsvadTHqvrah6";"CsjRwusHTiKU5Vp89LBSXw";"mirs1991";;"77";"5";"0";"-1";;"0";"2022-11-05 22:18:27";
"UZGcm5bPCQUJ4cbsvadTHqvrah6";"--FAI4-AQmmwI0nr3r0QIg";"ovmovm";;"78";"5";"0";"-1";;"0";"2022-11-05 22:18:27";
"UZGcm5bPCQUJ4cbsvadTHqvrah6";"tIbPZcW-Tv-Tnk2dG-HprA";"s7_nitro";;"79";"5";"0";"-1";;"0";"2022-11-05 22:18:27";
"UZGcm5bPCQUJ4cbsvadTHqvrah6";"-hpyyytgSIKKGuoJt24IMw";"skratcher2013";;"80";"5";"0";"-1";;"0";"2022-11-05 22:18:27";
"UZGcm5bPCQUJ4cbsvadTHqvrah6";"18AkUnMzSd-KMUz5MkdQBw";"sophie.ice";;"81";"5";"0";"-1";;"0";"2022-11-05 22:18:27";
"UZGcm5bPCQUJ4cbsvadTHqvrah6";"8hOxAJGpTVqRXb0cMbezbw";"Noiza.";;"1";"5";"60";"360922";"11705,21892,29382,34888,43755,48412,51755,62625,63812,71208,81358,88792,94265,103108,107705,111142,121855,123018,130365,140488,147965,153725,162604,167422,170768,181492,182632,190024,200085,207478,213102,222258,226925,230165,240968,242168,249442,259662,267368,273018,281801,286402,289755,300760,301941,309158,319268,326725,332301,341178,345928,349312,359945,360922";"1";"2022-11-05 22:18:29";
"UZGcm5bPCQUJ4cbsvadTHqvrah6";"pGFZWSzLQmSN4RCM_OQlhQ";"Acide.";;"2";"5";"59";"362565";"11738,22045,29422,34998,43812,48445,51818,62611,63752,71648,81748,89158,94672,103522,108132,111475,122304,123445,130848,141035,148472,154328,163168,167865,171288,182145,183328,190625,200818,208308,213922,222891,227542,230838,241697,242848,250165,260375,267808,273272,282080,286762,290082,300925,302058,309561,319845,327252,332785,341666,346292,349582,361535,362565";"1";"2022-11-05 22:18:29";
"UZGcm5bPCQUJ4cbsvadTHqvrah6";"-zEiJKBRQlCQhShsZcS7rA";"bozbez";;"3";"5";"58";"363823";"11831,22018,30222,35818,44712,49372,52725,63572,64708,72255,82388,89988,95558,104458,109092,112438,123202,124325,131718,141842,149258,154785,163753,168442,171765,182686,183831,191105,201125,208515,214128,223024,227645,230992,241806,243617,252652,262742,270388,275918,284898,289555,293012,303711,304882,312132,322262,329708,335204,344032,348795,352312,362878,363823";"1";"2022-11-05 22:18:29";
"UZGcm5bPCQUJ4cbsvadTHqvrah6";"tJhFwq1BQqOiJK-Tk35LTQ";"Acrose17";;"4";"5";"57";"366108";"11777,21865,29298,34825,43812,48475,51835,62692,63808,71225,81422,88805,94382,103364,108018,111345,122084,123201,130651,140988,148418,153965,162918,167588,171118,181931,183128,190552,200695,208132,213698,222662,227342,230718,241505,242684,250318,260435,267955,276988,286031,290632,293935,304783,305878,314325,324468,331905,337501,346364,351085,354508,365115,366108";"1";"2022-11-05 22:18:29";
"UZGcm5bPCQUJ4cbsvadTHqvrah6";"1G-0XdQiR8mXhWcnCjEeJQ";"eLconn21";;"5";"5";"56";"-1";;"1";"2022-11-05 22:18:29";
"UZGcm5bPCQUJ4cbsvadTHqvrah6";"eUoobETZQnaDzkMcunurdA";"F9.Marius89";;"6";"5";"55";"-1";;"1";"2022-11-05 22:18:29";
"UZGcm5bPCQUJ4cbsvadTHqvrah6";"rijOh4tvTAW97AcPxIgfcA";"Nayko.TM";;"7";"5";"54";"-1";;"1";"2022-11-05 22:18:29";
"UZGcm5bPCQUJ4cbsvadTHqvrah6";"i8p8gYa5TMapnIvmvYflHA";"Walegen";;"8";"5";"53";"-1";;"1";"2022-11-05 22:18:29";
"UZGcm5bPCQUJ4cbsvadTHqvrah6";"KzrTzeAuRZyNFLNtRsLi_Q";"P3kingente";;"9";"5";"52";"-1";;"1";"2022-11-05 22:18:29";
"UZGcm5bPCQUJ4cbsvadTHqvrah6";"zdXECAYCS6WwEF51TiXL5A";"xephyr.chris";;"10";"5";"51";"-1";;"1";"2022-11-05 22:18:29";
"UZGcm5bPCQUJ4cbsvadTHqvrah6";"bn2GhrXxSEOlFgESUCZ7tw";"Eria.TM";;"11";"5";"50";"-1";;"1";"2022-11-05 22:18:29";
"UZGcm5bPCQUJ4cbsvadTHqvrah6";"afsvjiq_StuQ2fP1ExHOaQ";"Dam_Pouleto";;"12";"5";"49";"-1";;"1";"2022-11-05 22:18:29";
"UZGcm5bPCQUJ4cbsvadTHqvrah6";"v2s1_QsGTOSJHnw03CFEkQ";"nekojimTM";;"13";"5";"48";"-1";;"1";"2022-11-05 22:18:29";
"UZGcm5bPCQUJ4cbsvadTHqvrah6";"9pgM1HfOQEW8cyXmiZfZEQ";"Evo.DC";;"14";"5";"47";"-1";;"1";"2022-11-05 22:18:29";
"UZGcm5bPCQUJ4cbsvadTHqvrah6";"eDkWqGjhRCmQMcCB5m27Jw";"Pr1nglz.";;"15";"5";"46";"-1";;"1";"2022-11-05 22:18:29";
"UZGcm5bPCQUJ4cbsvadTHqvrah6";"sjtId3fEQGS73R-U0IEC9g";"Jaakaah";;"16";"5";"45";"-1";;"1";"2022-11-05 22:18:29";
"UZGcm5bPCQUJ4cbsvadTHqvrah6";"lDJF5swBQOyA-Xe7LLtZFA";"HeavTM";;"17";"5";"44";"-1";;"1";"2022-11-05 22:18:29";
"UZGcm5bPCQUJ4cbsvadTHqvrah6";"5Uzub-UqTLS_o8sZAXogFQ";"JaffaPadawan";;"18";"5";"43";"-1";;"1";"2022-11-05 22:18:29";
"UZGcm5bPCQUJ4cbsvadTHqvrah6";"i6W8MyPFQp6AWLcFKoZx1w";"Monkey.TM";;"19";"5";"42";"-1";;"1";"2022-11-05 22:18:29";
"UZGcm5bPCQUJ4cbsvadTHqvrah6";"duzYCzPgSsCSPOosBZJu6w";"DankTM";;"20";"5";"41";"-1";;"1";"2022-11-05 22:18:29";
"UZGcm5bPCQUJ4cbsvadTHqvrah6";"_KRQeGumT9S8tjKacsvKBQ";"Speedself";;"21";"5";"40";"-1";;"1";"2022-11-05 22:18:29";
"UZGcm5bPCQUJ4cbsvadTHqvrah6";"NLv5BmoyQJyW3FE3Rsf5Yg";"seraf_.";;"22";"5";"39";"-1";;"1";"2022-11-05 22:18:29";
"UZGcm5bPCQUJ4cbsvadTHqvrah6";"HvnBY5wLT8WpZpz5prn0Xg";"CUPaCAT_TM";;"23";"5";"38";"-1";;"1";"2022-11-05 22:18:29";
"UZGcm5bPCQUJ4cbsvadTHqvrah6";"7AJp1S0ZQeupMQG4oRwnhA";"RandomTM-";;"24";"5";"37";"-1";;"1";"2022-11-05 22:18:29";
"UZGcm5bPCQUJ4cbsvadTHqvrah6";"4vEKfNi8RIS0nt_i7D-6Lw";"LXXXX..";;"25";"5";"36";"-1";;"1";"2022-11-05 22:18:29";
"UZGcm5bPCQUJ4cbsvadTHqvrah6";"sLFc3NnzTASVD6JDVqRCrQ";"nor_mu";;"26";"5";"35";"-1";;"1";"2022-11-05 22:18:29";
"UZGcm5bPCQUJ4cbsvadTHqvrah6";"2_K-XAMoRUGUMVWtUygEEA";"Seanywolf";;"27";"5";"34";"-1";;"1";"2022-11-05 22:18:29";
"UZGcm5bPCQUJ4cbsvadTHqvrah6";"Cku-HEVwSQOU6NAQhx3fAA";"Tiger.TM";;"28";"5";"33";"-1";;"1";"2022-11-05 22:18:29";
"UZGcm5bPCQUJ4cbsvadTHqvrah6";"YorqTxTJSUOLlz3sSi-Whg";"BanZ_TM";;"29";"5";"32";"-1";;"1";"2022-11-05 22:18:29";
"UZGcm5bPCQUJ4cbsvadTHqvrah6";"-1JWHoY_Say7NBI1ExhS8w";"andre.tm";;"30";"5";"31";"-1";;"1";"2022-11-05 22:18:29";
"UZGcm5bPCQUJ4cbsvadTHqvrah6";"NqRHMRkkQouv_26tRkW6QQ";"AgentWhiskeyy";;"31";"5";"30";"-1";;"1";"2022-11-05 22:18:29";
"UZGcm5bPCQUJ4cbsvadTHqvrah6";"PXFSTZItR1Wfmoa9k87b-Q";"Intax";;"32";"5";"29";"-1";;"1";"2022-11-05 22:18:29";
"UZGcm5bPCQUJ4cbsvadTHqvrah6";"pRKvzOUWS0iUyFNKi27nQQ";"GibbonsterTM";;"33";"5";"28";"-1";;"1";"2022-11-05 22:18:29";
"UZGcm5bPCQUJ4cbsvadTHqvrah6";"g_pHUMO0QvWc_6flTfUF8w";"Babzify";;"34";"5";"27";"-1";;"1";"2022-11-05 22:18:29";
"UZGcm5bPCQUJ4cbsvadTHqvrah6";"cuUfpj2YRf2T-nu2gWJUdg";"Dantski";;"35";"5";"26";"-1";;"1";"2022-11-05 22:18:29";
"UZGcm5bPCQUJ4cbsvadTHqvrah6";"lVsoxs1ZR5aAYBKMZhKLnw";"Thomas_Jean";;"36";"5";"25";"-1";;"1";"2022-11-05 22:18:29";
"UZGcm5bPCQUJ4cbsvadTHqvrah6";"wtUZFqn-T3afU01AMnqV9Q";"LasedTM";;"37";"5";"24";"-1";;"1";"2022-11-05 22:18:29";
"UZGcm5bPCQUJ4cbsvadTHqvrah6";"lyY9GN__RQSzdvUBipKvMw";"squikeay.wp";;"38";"5";"23";"-1";;"1";"2022-11-05 22:18:29";
"UZGcm5bPCQUJ4cbsvadTHqvrah6";"khnMZGPsTP6IkKQjkJPnHA";"Trunoob.TM";;"39";"5";"22";"-1";;"1";"2022-11-05 22:18:29";
"UZGcm5bPCQUJ4cbsvadTHqvrah6";"WgLXYR2eR1e8L400cbjvOA";"Piadith";;"40";"5";"21";"-1";;"1";"2022-11-05 22:18:29";
"UZGcm5bPCQUJ4cbsvadTHqvrah6";"2HxWwCaLRMy_ybI5oeFa0w";"eLconn13";;"41";"5";"20";"-1";;"1";"2022-11-05 22:18:29";
"UZGcm5bPCQUJ4cbsvadTHqvrah6";"7VeNdCHaTYWrce5EYn7Ckw";"SilentSamTM";;"42";"5";"19";"-1";;"1";"2022-11-05 22:18:29";
"UZGcm5bPCQUJ4cbsvadTHqvrah6";"NQk_IyQpRPaT2VWLQoRMvw";"WolfpuppyTM";;"43";"5";"18";"-1";;"1";"2022-11-05 22:18:29";
"UZGcm5bPCQUJ4cbsvadTHqvrah6";"AoteWwKqTyGdtYnzu6R0Sw";"OC1895";;"44";"5";"17";"-1";;"1";"2022-11-05 22:18:29";
"UZGcm5bPCQUJ4cbsvadTHqvrah6";"Qfq-zLFXR8aqb-Kb6Nmz_Q";"Ceenis";;"45";"5";"16";"-1";;"1";"2022-11-05 22:18:29";
"UZGcm5bPCQUJ4cbsvadTHqvrah6";"24J8RGtsRzeTnX96aq4sSw";"PASZS";;"46";"5";"15";"-1";;"1";"2022-11-05 22:18:29";
"UZGcm5bPCQUJ4cbsvadTHqvrah6";"qEkJ-aoiRTee7naYK0b2qA";"cthn490";;"47";"5";"14";"-1";;"1";"2022-11-05 22:18:29";
"UZGcm5bPCQUJ4cbsvadTHqvrah6";"FcCDgMS2Rc6xOFof-amksg";"Demon_Dragon";;"48";"5";"13";"-1";;"1";"2022-11-05 22:18:29";
"UZGcm5bPCQUJ4cbsvadTHqvrah6";"bjvz-X3LR9S9rgN6tmYo8g";"RandomizeTM";;"49";"5";"12";"-1";;"1";"2022-11-05 22:18:29";
"UZGcm5bPCQUJ4cbsvadTHqvrah6";"GFhrWjPgR0u0GV5Q1sUn1g";"Orihkeks";;"50";"5";"11";"-1";;"1";"2022-11-05 22:18:29";
"UZGcm5bPCQUJ4cbsvadTHqvrah6";"DT7p1y-xSnqFuRNL3j-N4w";"BraeburnTM";;"51";"5";"10";"-1";;"1";"2022-11-05 22:18:29";
"UZGcm5bPCQUJ4cbsvadTHqvrah6";"sows1g2nTn-OwdZdHTXdDQ";"nyigel.";;"52";"5";"9";"-1";;"1";"2022-11-05 22:18:29";
"UZGcm5bPCQUJ4cbsvadTHqvrah6";"Lxt6gA8uQCqket_7gfgAlw";"erq66";;"53";"5";"8";"-1";;"1";"2022-11-05 22:18:29";
"UZGcm5bPCQUJ4cbsvadTHqvrah6";"nFOuZHqNSPi1luAJ1XvVfw";"not7_Harry";;"54";"5";"7";"-1";;"1";"2022-11-05 22:18:29";
"UZGcm5bPCQUJ4cbsvadTHqvrah6";"tbzksW00QtqhdDsI4uPxpQ";"CapnDriz";;"55";"5";"6";"-1";;"1";"2022-11-05 22:18:29";
"UZGcm5bPCQUJ4cbsvadTHqvrah6";"lyAD7WvBTbqPmpv3f916ow";"Davisssimo";;"56";"5";"5";"-1";;"1";"2022-11-05 22:18:29";
"UZGcm5bPCQUJ4cbsvadTHqvrah6";"W-I0PnAJS4uG49LafKKe9g";"N7xyz";;"57";"5";"4";"-1";;"1";"2022-11-05 22:18:29";
"UZGcm5bPCQUJ4cbsvadTHqvrah6";"zIlQ8PbTRdytK83hIYqDmQ";"Stoxenbawns";;"58";"5";"3";"-1";;"1";"2022-11-05 22:18:29";
"UZGcm5bPCQUJ4cbsvadTHqvrah6";"0V7XXr-pS4yNx95XkP5DeA";"TehPurzi";;"59";"5";"2";"-1";;"1";"2022-11-05 22:18:29";
"UZGcm5bPCQUJ4cbsvadTHqvrah6";"z2ch065DS2iffzEsX7FdMg";"Z0RQ";;"60";"5";"1";"-1";;"1";"2022-11-05 22:18:29";
"UZGcm5bPCQUJ4cbsvadTHqvrah6";"6Abda-1SRUC6eAr41ayEbQ";"A_-B_-C-_D_-E_-";;"61";"5";"0";"-1";;"1";"2022-11-05 22:18:29";
"UZGcm5bPCQUJ4cbsvadTHqvrah6";"H82SihSJRpCtgM1EGwrCNw";"Archidamus12";;"62";"5";"0";"-1";;"1";"2022-11-05 22:18:29";
"UZGcm5bPCQUJ4cbsvadTHqvrah6";"fDtj6VRWTN-cT2EOwwqwaQ";"Farden";;"63";"5";"0";"-1";;"1";"2022-11-05 22:18:29";
"UZGcm5bPCQUJ4cbsvadTHqvrah6";"DgqrDyzPSmC6YhoXt7cm5A";"GrayBuddha";;"64";"5";"0";"-1";;"1";"2022-11-05 22:18:29";
"UZGcm5bPCQUJ4cbsvadTHqvrah6";"TQ0dnJlGRnKDNlQ1mml6yg";"Jsmeenkk";;"65";"5";"0";"-1";;"1";"2022-11-05 22:18:29";
"UZGcm5bPCQUJ4cbsvadTHqvrah6";"CL8x_DNxQTCdUyj_jiPO-g";"KilorAnus";;"66";"5";"0";"-1";;"1";"2022-11-05 22:18:29";
"UZGcm5bPCQUJ4cbsvadTHqvrah6";"8-s84A7DQUqQ79E464nYfA";"Letzter_";;"67";"5";"0";"-1";;"1";"2022-11-05 22:18:29";
"UZGcm5bPCQUJ4cbsvadTHqvrah6";"Cxw7rxKgQP-MzfwZp0yFbg";"NeoShico";;"68";"5";"0";"-1";;"1";"2022-11-05 22:18:29";
"UZGcm5bPCQUJ4cbsvadTHqvrah6";"lQGi1E9QQXqBO3gFYkpRzw";"RacingKitt";;"69";"5";"0";"-1";;"1";"2022-11-05 22:18:29";
"UZGcm5bPCQUJ4cbsvadTHqvrah6";"Z-ORN_tARH2uCmLlVMVWig";"RoiJohn";;"70";"5";"0";"-1";;"1";"2022-11-05 22:18:29";
"UZGcm5bPCQUJ4cbsvadTHqvrah6";"7UsHc7KYS9u4hoOcJ2AgIA";"Saroua";;"71";"5";"0";"-1";;"1";"2022-11-05 22:18:29";
"UZGcm5bPCQUJ4cbsvadTHqvrah6";"7F1YdaXpRbu9WtA91SmtOQ";"Tecno1717";;"72";"5";"0";"-1";;"1";"2022-11-05 22:18:29";
"UZGcm5bPCQUJ4cbsvadTHqvrah6";"2tuvKOe1Qpu_N4yMFBn89A";"That_Ski_Freak";;"73";"5";"0";"-1";;"1";"2022-11-05 22:18:29";
"UZGcm5bPCQUJ4cbsvadTHqvrah6";"yyLf8wwYT3uzAE3AtX5CfQ";"Xreapes";;"74";"5";"0";"-1";;"1";"2022-11-05 22:18:29";
"UZGcm5bPCQUJ4cbsvadTHqvrah6";"v82P3CCHRaqVrpXDyXh9rw";"komfona_zyg";;"75";"5";"0";"-1";;"1";"2022-11-05 22:18:29";
"UZGcm5bPCQUJ4cbsvadTHqvrah6";"cBqYXv-0RKyFiJWyCkz1fg";"maggi323";;"76";"5";"0";"-1";;"1";"2022-11-05 22:18:29";
"UZGcm5bPCQUJ4cbsvadTHqvrah6";"CsjRwusHTiKU5Vp89LBSXw";"mirs1991";;"77";"5";"0";"-1";;"1";"2022-11-05 22:18:29";
"UZGcm5bPCQUJ4cbsvadTHqvrah6";"--FAI4-AQmmwI0nr3r0QIg";"ovmovm";;"78";"5";"0";"-1";;"1";"2022-11-05 22:18:29";
"UZGcm5bPCQUJ4cbsvadTHqvrah6";"tIbPZcW-Tv-Tnk2dG-HprA";"s7_nitro";;"79";"5";"0";"-1";;"1";"2022-11-05 22:18:29";
"UZGcm5bPCQUJ4cbsvadTHqvrah6";"-hpyyytgSIKKGuoJt24IMw";"skratcher2013";;"80";"5";"0";"-1";;"1";"2022-11-05 22:18:29";
"UZGcm5bPCQUJ4cbsvadTHqvrah6";"18AkUnMzSd-KMUz5MkdQBw";"sophie.ice";;"81";"5";"0";"-1";;"1";"2022-11-05 22:18:29";

